61296135047
28379605780
98159359683
04309174221
55233000989
12166030904
67015746450
85832607880
08440079354
08422170531
60737455322
49392478640
64685173031
19242611204
38453114366
72581119802
83058052120
13534314603
71926451252
46316131810
39566089929
41546215131
99944779270
52692924320
93728271853
12848113871
71200021207
12588375871
46680413516
25763843231
88335312281
61895440882
76725925561
86350257332
42471128130
91338712217
54725172146
48278768277
17009414378
59320281572
62887805533
12609902573
43159065065
40908321287
22723646327
49358442808
20470421606
32048251161
97311288754
95158463824
16906548050
98337831715
20239855280
03871788996
29998979870
22251405534
70268445478
43584533171
84386908072
38748089559
43404312147
00527308242
60847033139
24311050674
02000819265
99733354147
78128197878
21561877034
46830906865
98984142948
25198931098
52226016686
72827137402
51699759618
40844485918
62736122500
86914274932
44459385724
83006688457
63331697575
55237810373
50419311602
88339546252
68846311558
67577235067
92630262464
97056564011
08675555725
30302006800
48123609434
93247092595
41569577307
76381706872
40940505401
28147681747
60045834563
00355039982
93757852206
66869162263
76740560900
25946887114
28684127420
35161665505
23679294913
11913232263
48265729723
32983762211
25286866689
57234442634
32860061819
78815341250
13107901830
88025503526
91509812423
90088473538
59617097796
35687480293
07188684200
23099083550
81772834300
40292961065
20491330731
73504726253
82391491115
12375312929
19196354321
57863310164
46190749852
88347113602
33673860658
78020264310
29987297706
87319963027
48319895766
64895089401
07851910544
50063561620
15958131443
01606167359
47708493030
80855363665
33656919950
34747993800
26357628484
02180981899
74221533188
48958862122
90557040400
36335007665
03194936794
84010708131
26796445490
92803308614
77584853242
75876096520
36920368684
38260159678
85963396557
58585227001
87532883191
93085106804
49166076439
15845358221
49322941235
16056686302
88156826787
61711400904
23896000772
78376619667
22424049114
83414369575
23461596035
77579080516
94245004673
23908492297
91629800090
20316404373
48666682108
56176021103
73688914503
22605697576
66697595680
83756628361
25475788324
06038545670
52419024060
59745113603
16615102056
84366512785
22982608260
68975740404
86314775248
59948780906
43138078532
62498112227
11550686887
88484774376
20499743024
12042949760
72737766028
12433266033
44445107573
38328487705
95657812689
21435571916
78203553605
25562815613
52844255108
14951203685
69023280806
54352305006
05535557749
56182266856
32330571135
31131666240
34634412926
47458097515
46613582441
85234614859
46019592847
09704313683
87310089502
55398820400
63480452850
95983954563
12025062834
68510571589
29637530045
53629512895
71832714713
43316370005
96516696160
25326298864
06299964405
58016621899
55760713795
85515106814
09323858340
84675803300
72623027870
12869829280
96062235317
92207487709
97530816004
07044773435
23515064648
68930991262
40341885703
89927522614
17547327800
53005170209
80824057325
34207965360
35254216646
75150448702
90629786658
94375887320
84050391716
65656784800
97664483107
66663384058
86231322386
76159991620
20881667340
97785427674
74512859870
76964163409
14709145067
99925797144
34363702311
20696004755
58184622180
35869340926
99045714574
64847680642
01368366902
64440181619
11646045114
58257765830
95227734097
60062572466
62372056085
20554897202
30682754900
49208364577
65340551040
68500421142
73581658453
82129973167
45652376287
48547862056
07635669931
37788386014
45817150166
97667989400
06090883603
98066860048
06143121672
05008243470
71676244204
83139073984
31439146454
52167239009
84768002749
44545285864
88163187247
10323363580
09096028325
81150863714
18522241007
60149712111
16253657801
19368495343
40512486905
97101510531
67744002806
25983877321
34345580390
73650027607
98904448441
48273752593
05908012289
51115243551
60813325005
82130047440
44368426819
41342075331
25726594509
04411876175
55131920477
68137681310
81269665804
26100268469
92295344638
08954860087
81756409013
91024374149
31286541824
03075810711
03397519675
83181692557
11743631189
75199843206
49440448288
92149087103
02451032103
03590836768
75734039683
84319062949
90026518643
03693846103
25113895253
75874973907
93241683559
47834870068
32317183259
03749824738
30982879857
43961520780
98004782728
01891143638
69036339600
80836435303
55522804319
61797035231
43354728205
58631868957
56425585285
57440209184
92594957925
69746562037
24119230074
59747384469
23810096555
71435748808
87354542024
14865074252
73433686300
71391046978
74428135343
85930868026
89596501453
19991145745
10328991317
85982611573
04864421366
73888238595
81781254982
67028792536
44981122969
70054198631
21090721137
80174075804
12485015198
57543401177
35040337892
05471933605
89480076373
56440059254
65118914450
19259571952
47079094500
27107816209
72699941450
20649375289
16906702661
55089752257
36292783618
29653956361
95803538752
46672209611
43763667903
47915394940
77633229500
17819798475
69039456011
66328790392
17368133903
35904517505
52677809281
73804048730
39285066763
50065223136
05312311278
23650204886
76317577471
21233580108
56383856146
77486362147
02907227130
05060222934
24523284563
06207465130
91682351432
25922320440
26077906620
24809300684
49153726260
53610859440
28150233695
40354799002
57565367958
56734986403
38611331729
07238677806
49310335394
05526253880
32563218527
57428438799
10266442080
79578089309
24601164460
51775740919
41339885158
41744326355
08185999953
00447001132
85703177600
83873072971
67843977465
47071869472
60204092523
76893801319
66566587411
13732941833
08792876676
46609203300
17258071814
94300346690
24192467216
35377119568
73439621405
75638408932
26148635054
33959871325
86542500545
98285310701
76346473735
55297205018
94890917233
77118026255
89628912712
83708562178
66498479760
62035644607
98983630884
15622870283
14501993642
56522692864
38419683418
24487822106
75267223352
91301173215
66757251221
90232672652
33961376395
41408498600
85528987482
92376757800
00261394487
23104322457
50087077957
00378626507
44144688500
62260882811
66480858514
07448088041
09814629790
55298399592
88206321284
40308944291
37488215060
08596253467
31144084350
91504507193
25653249289
38460635848
84070937935
98348469834
83011028370
71922890863
99888010506
31199158070
24120275361
94849566537
39905783083
57572612180
05017488650
70227736451
26780201936
24924752983
69120137834
38467372591
75368855982
69990213259
73194985884
95215516316
82588244491
05795570222
82821390254
69582396288
99425023000
54253421440
40445081198
98870657736
29449220760
21599298325
62948159083
50953252418
85617922564
71747897574
43227448009
60876006713
40969090846
97242190460
32645077579
33629485618
34057587420
14758804214
34344980280
91455199192
07364341358
53664575130
74663311652
81305294670
26553419531
99134396470
85468438216
29998020808
90743933737
46427521373
28833800075
90724605100
00752789287
31297163940
22769374915
15836083975
31922116602
80275652513
23552199586
61556652739
60197323472
68436310020
24234717002
59973038371
13050541210
61401800823
94598759550
04801067034
05944473991
25922005332
17138866186
03524436501
51843324644
60154261289
18685680751
38206790730
16842520592
09364413210
24638959776
29232154510
52664668633
23951411430
64694223062
09942770836
23144647535
20681524871
60630217793
40185327842
53092150775
13001636157
85343379265
22767856831
05598877520
82448111707
70808896261
74537673265
16467381955
33647972347
51276090960
52662589698
54502394750
77483180420
77620097520
20576684520
57974254165
12690963116
78214927102
47473349805
47033827334
43216284581
83468803249
68685976650
08159022808
97169109751
48384130680
71497837324
05486630093
88463290078
31183461089
55218098809
18826731403
77230259045
16835970952
51758190620
49200146511
48576858843
41825656576
24606811510
07419412367
58098415384
35265604987
36372736241
04104108960
35705331150
28982574603
26579897724
63326145012
01837341907
15559908940
69790244266
35554041213
67268044402
29429523180
87941911230
30170430103
77239591255
68134828310
28301237511
83140522215
95661895321
10617769990
52686470917
36790867503
63384081056
18535133933
77308974669
82222106532
33946946380
07068263100
56828163745
38965876338
74466979545
33199290116
02620294568
24775730045
02288692340
06271609562
74554693651
56425355956
90344941361
51617949256
74393573374
59665390813
43120150150
23448920959
36418080904
98016955959
78453511489
76115228255
47472355402
77286744046
89050612229
54920043368
68759226226
36687557106
88535036377
67503461624
89748286851
63443064833
54458406620
62329153805
77299087782
43877261990
51589332865
36855297064
39960639975
86525001854
45054216863
64320771257
89819648076
25458973100
60384132430
86701492304
18693955063
86892614272
98459708349
49515844339
29370871241
07335308771
21442988070
06472304025
41588695603
92907961624
10327421517
94449144880
40762485035
27662333930
64486732375
19031941727
62232279065
84661397100
87431763050
21590700333
89723547406
68501255831
30935104305
01290277230
55911733498
65765405150
87209736409
74952658929
33533204235
99366447783
44971697748
38076457050
75337384546
94829405988
49090293892
85712993406
69584150278
90560216807
78030610289
07501329494
05395492666
04219621199
57559564569
68988651456
73196088987
07282356840
34303170887
36107652671
70414898257
14467237550
04916066723
10803632975
33225999733
72768630691
66320854740
06915626875
68240334997
42373096579
32337395677
97753665189
96849771230
26081692876
91237049342
72457888204
00983066426
56510125757
75304201353
36637739065
61727195728
08471596393
58718369332
83762343748
64416080905
39590310419
18435109526
65965666500
09822420501
55706450471
81799722163
55030843817
94448751562
61457052210
01509803700
57956762090
16473427830
53163986374
17114299532
80243636237
03509678737
96512807359
10570193990
27416508967
49450939624
27985991050
41187554758
53782146450
92759679543
83005602460
10793828872
30517615320
80031517404
38777474260
09940198078
51462081401
33370624826
18809292600
22600715207
50491411332
93622756438
74923903007
29040218331
38596377891
64138174109
63045488269
63731819791
77246414550
52714075002
51290738351
69201911130
62874929450
01794314636
24139493054
27662287211
62461633940
83711804543
41156810639
98952146000
46719183745
10931969042
07543404141
84821235722
50875827101
61119554381
88961180428
10145357945
19205240290
83419081740
06095458501
00612758320
54367179699
55176144859
21641354070
94823652088
73647309664
89983539462
12214361472
57417678858
54599779326
23089203782
31517698537
75377110544
92127121260
83366318791
20436649306
41421536684
14014358585
90809327872
16957818640
03725365067
31168603358
57556974006
49431480425
20634551639
93822980455
71291738746
52931107050
47623976010
19775177227
15079832630
65269145278
25284938860
86486780720
66108832975
87818377395
40543169219
17784901313
77273357383
32700755707
83433389950
95588126840
86813582941
86433208207
07223643269
30498661016
09100593575
80375047190
34955205704
99692229378
74346590500
03445389314
46598584990
14740910403
22583219723
02824250984
78454765441
39354832601
56430140172
26667710405
74313183248
25014583890
55694479629
82513973240
08306186273
69787835526
34971543260
00802057802
07614635183
57103779104
74892375560
41311678085
16139118310
82904986596
74647823300
03050977680
74555601416
35374973932
68275931428
31255296623
26414590355
70707535786
03555749269
34151875000
83059716196
01238152317
39527134498
10788872680
02726486550
46542565043
78921389784
18417313400
53941846825
03630213618
42126476057
05173135530
90687380898
23770543408
85077829900
18681765094
11572364483
08656978330
84209224715
28146454712
46266926563
76742342749
25807073797
58215749860
22250319243
10378277677
64110927889
19829316980
69987533493
54123770339
63228568121
81808429591
19195148990
86493437245
75623874355
31340934809
42723197441
20949147630
17582898133
94733964650
12126680142
64387825995
38884701457
02994963175
84992528422
43295471711
99515602530
63948318247
06158541257
35865332503
89039125350
03349616887
55139765799
25059337820
60042758599
78025464784
40258469692
70670038814
19424398492
01990857140
14520148685
76100255006
27305925802
83205952820
26065937665
36604391345
55028650705
21421694735
81095441426
04249151115
69660899157
78165063847
64725539554
39264034978
19377296218
69693310241
00586523880
88251705800
90548208450
63787905073
44660921417
62749012724
29402633880
35266346370
39050156843
82206787989
16208963540
20705252523
27659672967
14527386700
68176679925
08773569470
04527981838
56876541193
04249614158
06016258890
40216126452
10837538866
23328963502
29550084868
50327715030
72996772024
10945319878
30213648962
77479420790
33456509910
43238924206
92020017237
91977102883
67561389876
47004472736
40363640142
88045931213
77516266744
00054886309
15052275935
54122501903
96527611099
90911515950
59115692566
18595812772
14945799792
61155200969
96605800109
59712300340
83761696299
94071074264
18530651294
42476803154
69826983519
91087605865
57610999776
67831278699
98636229235
04673309723
93419534647
40274408031
47442653081
30273020196
08510515298
78816431539
36261048690
31020545445
48300264566
29264623280
10588760587
81652682015
74550138416
23726731148
81737834200
36980087347
71383976317
47978046613
70881854662
73376503885
39880959230
35582265260
19732986514
07407136203
48716367987
41540700534
25443647423
41592409768
62398805077
25665007463
93488748960
90325525978
25418264001
88665776850
25152250551
39647836414
35990913311
64247986503
67713244948
30512326452
62564017002
07114020007
33817908113
35637681961
14687769675
53959786662
91278443827
87529249800
42037866305
99220011603
93537777396
95409454022
14108646347
30474478025
20410584479
99067897434
45529975135
39085231094
77136008174
07330142670
12590555822
27572295592
60537451978
81907592130
07774739092
26322464663
59167490077
23388356114
51158982682
99362444860
54606832894
04555835522
37083972230
82087461856
62658302363
65172973834
88833643689
84078232280
94404444362
09186773607
97240526216
49908518542
68732260849
24177495484
52772247775
95039087799
96400210911
06245149789
76196513494
09960277690
31801655103
62002621284
05179182930
21061256154
36538978827
64196196888
14215371503
86915780840
84123303900
30609614410
79803515250
46685187948
98763688859
39757064815
10254779360
28864977627
63978912910
57832889187
21901640876
09942901280
02020914140
64527074857
46108572868
69735422123
56683502668
64528231751
69159871180
64677410488
36126122127
86495309236
86777814124
30513736565
97759263600
45912459187
72349770400
09867200896
17410434767
68748208345
24896543220
55689606669
38801107862
14002931897
93557728404
82931745367
22424870357
20641248377
99937358680
69673893195
41700185403
41741204984
45453863188
11456342738
77379413716
48332633192
58107413474
52905850795
01295161397
61539406253
22507522305
36662794651
31923805274
70623756080
10389066524
88204977786
94959136324
84231286876
82079204831
20655728252
42533890588
41499084609
53518373668
18390385945
38707886829
80133647986
80626257611
57299860848
51949588114
43412729779
41795107405
19564893801
12301980162
64327696200
08594609086
84208725800
77796043066
29903770006
27709761682
33874211339
24988800628
22335348086
79613124713
47753859331
97318399683
16795038556
91463570767
34984025603
85331277667
75031104902
27438449220
78022765198
07845371602
19806708466
29066732180
00161802591
97104641165
59609861750
25356770596
86354833087
90217018122
23087005134
89927446926
68387367567
75080178620
28544756662
87800775798
59715671101
16105938632
44347886802
25196653945
98124863563
03142265082
89916087288
64787999133
61137004100
55931592385
52759504204
60932904092
51553391039
14341058657
64357182700
63211282360
51401731074
39495595231
85496787912
63045879101
51298875226
09381132593
15992623396
79052699810
63280061792
58487368204
21998820475
69874611049
38927079795
92878793110
22579025804
09646184782
82358453420
71243452862
70337136572
21151766348
93664016270
41334705160
16302077729
51941910734
29892518047
12287396411
32671596103
93576863710
08623690966
84919236085
91786765764
87753463462
33119034550
06142125615
56232257480
24713536733
74131418410
77514701788
09252260331
71544872402
61623644887
67295570527
78691806885
44487615763
75219906259
14199318739
18175074868
60352587270
66073671512
71176796976
75814935472
08543628350
75310419012
30033637008
05495408144
10480313148
59389549752
64802401205
71147369593
29621119391
97001067210
35403046224
99186372777
16535381986
62905547944
30667980628
59473490356
66775875410
86494306276
82614981230
07671836303
66578050710
16900612350
56810720880
56051568530
29418946084
65876537071
36058857309
24396131429
12453663607
78241557221
13295713120
08211633027
60196875625
50752426699
03452518574
25432285860
49416282413
94128778460
59755211063
09733809772
24742382048
41981060375
87332493004
37857362409
42168657122
61855112582
81603994483
34054800866
04693034762
87335325161
26213297642
57810429116
71514792630
53014040320
71140290207
75026012442
75552809068
41112092200
49348895311
84900812633
03048360360
25183585520
43708681223
11244049883
60986612430
77326224137
34573635289
74345399335
14457154733
03293028926
02239070498
47444874166
04747473289
88127834653
06948062938
03989385984
85369888515
00255283865
60543118592
93831320942
47396756090
00518416062
89495220475
97123111478
27836595307
03235833340
64704642704
00251440141
68041713904
77083556300
44250174719
67834864602
18892307150
67640851700
63212132760
44477580320
05856411102
06070382501
17842909393
95680538326
81364798280
79885360522
27411402273
78901188805
76400307303
09270373860
70799478555
98895547209
14393091086
80308658213
88535538631
45357158908
54142986104
23883516007
46705306076
47220186428
86625417394
79988218419
75252614237
29196728949
38498745160
08347811822
77568589560
22638120596
01387501224
37351305269
27638243820
39183194827
74110682410
53533403297
15847430507
98516538613
70870187287
75610600090
24782256973
90926197959
72119629412
70770212700
26213299939
66420140900
63698820382
53545275973
90394391764
17977390000
12878644492
32232372839
30549690530
99489209295
00808979329
49154642965
48363016616
73034907796
41898125953
32969603098
23192492490
00785132511
72281856682
88096638963
34390347632
09931314419
34060278815
75460365937
17257285756
15995127691
24781781764
63424542130
39070890496
56951095310
33028241498
04603057946
57904754428
63789399930
44755807140
46690954200
60384477925
25268553062
12455236358
80319194108
85568501386
70775745987
11984806882
98734732209
68453303959
96828893913
53255705525
12272980309
02072760135
67725172882
29614562749
30249949636
39991013423
75359232838
92302799780
55611557333
11183029586
31785333119
85426147205
82049888007
20982713100
39097682533
67654352476
19594325593
84752263882
89829611949
09265674709
69637167307
05001599806
47789961861
27257910308
11241592152
82381012478
09358916923
21113271744
14560140642
32291525816
19137266144
24658263289
30394324609
93006346076
57590601128
47147494717
60966335015
85091655131
69517799969
49130647207
31955770972
55083023954
14429668159
97521751043
77517813943
37367789376
87916831066
64707953239
24351498919
58078749945
57467410352
03945452902
09170879923
04824358604
88225261046
00414279395
43512511902
50214954021
61000825191
71657058301
16423276978
24081718652
91310950113
45864184357
63508144950
06815516318
74516018381
80580982807
46319253452
71858080576
15723746081
32228172197
45003130953
73405269431
75374484850
14751167804
99051090722
56586524997
56083996171
01775450465
55706753296
19507817980
31968975594
61408792990
18522185921
61307327915
62824431300
60155569511
53346312836
19264989331
98093311505
45973981479
12069498646
10053675584
06855861628
05504133327
97951840246
81639627391
97787801450
37416858364
92594883972
19275420300
83066509567
69118066909
39172855509
78658302547
31496402960
21406477265
25468472953
34334732771
99681896939
50933046111
78872201063
49051462670
91395293473
64814908636
89678795396
22105089089
02437359796
80444808205
14703818779
78747834846
21775032132
13405459001
29850057793
57819183969
30846711680
05683206030
26760555694
32561884430
81126985465
89632618165
83977547410
07711669151
01076832296
68251184550
55200009138
96083958520
46987025428
28380519892
76083084601
33093402441
79936471342
47832780401
91262118581
71390529800
25361106305
76497763872
19171302018
71485791553
51366182308
63364936790
69695136532
87611548220
12263040447
36013739714
11901363848
88143417883
90484779303
38996970301
19990759006
67787556790
31863824081
76009028183
12298436630
82084036879
52197914600
86459837538
17475450740
99899334804
06666661567
18347886504
08525179558
56946709497
23747381324
90089003438
34812108098
10470891815
29736674029
74605148701
36168754806
38638043414
03316609890
60854957731
79960664260
48721286213
37878022666
94320007700
91969068809
49463565760
68476711492
98115454729
53913590072
24708307101
45509324902
82469380537
44976856402
68063928490
23555157515
73471009507
92966330287
63667327790
25232060996
05453597160
48855748033
89862744855
23162504678
69799954304
23570578402
75400666019
39198861786
13964694789
75606840766
71662953925
09895500360
19269762319
46004365556
89604354574
01094943770
31982193883
39801983914
38063830903
77426631630
68917793916
33756176231
06089705730
13422676996
58169736498
09837883758
40214522571
08339784382
13083261900
11892404400
23380985520
37517149792
99534112984
78314109886
60219743606
09524630320
20392125749
65663337466
66778958901
56602263455
76196119320
41502689758
61844048578
26462148470
83698757508
69378905242
34059026140
00885758374
30712035605
56363774284
26538551785
00366083350
32220693368
97153861211
02613437006
87793268113
80333708660
08276715206
60290784611
90676452574
84696774708
88648750423
02662638605
46515450842
43450791281
41075545897
05115270714
08075185307
80152526447
95972938030
24934113070
28925011999
74185291043
80641015739
91120369436
54911370149
83215908450
09715763600
29479714507
87248724408
63618227701
89654354713
52296149430
65042825010
55588430123
45029874500
23703481862
66941884398
09411695965
45749071006
15345108005
37684673688
04751724770
51787832040
14098045770
01818359677
30550977422
58695265072
89314313336
06796287118
90771896883
49412250312
41808747097
93182236334
91890213470
19920612111
84159398502
60493025618
89311043753
76044454541
16432981867
56447539995
76113311759
97383082087
53029231909
81936798816
34931064329
17638573790
64282560371
12280034670
19910250411
15886019510
57444007705
99788887210
60462414213
77982791050
97697462150
31222422735
54669350005
78076742021
08945387560
61736467492
58125133178
29303072421
62772901343
11555374751
51803615591
56113595668
71856939421
14430182795
45981903376
77304210893
96210835678
80641779607
36209453147
92083880854
44797183110
54640427760
47908233260
51180081234
69185178993
93059800073
01299073670
62203860278
57643838380
72961737850
68451441505
87655691304
40928214257
45296536410
66577164002
04258400424
45282450275
39095587711
81423157699
11203517580
10290915791
81169435297
34698014603
07776411272
63464431274
27925380748
67722968694
55136119888
00666394687
11595307346
01633077098
47367188380
85882270103
27656315900
06872550406
36403975501
31248572327
59898502800
33657590692
45843819256
41028270720
58334212410
14047290700
26387963877
95381258275
70345242700
72096959152
28439121725
58749210289
16936038700
54691049746
05255715158
38699216840
38114098759
75463584346
04121027655
68037885550
63582998754
62579468323
97700205752
86957778550
49307025770
59759492385
21824053991
73542645630
63708708113
20448451565
57695799270
20824938909
80047151170
22891522001
92200667698
05753392091
70598733175
46902222908
43326686773
51046707248
43442566380
74488200958
87387807043
54333386810
43469786305
74827013209
92972561988
73831720860
30681908785
28317343804
79389529905
73047847096
71663218145
87293012705
64366291657
35808739381
90087593904
15066063188
73167078600
47895072978
38837417608
77365891009
89594399082
24070048685
50417679203
74370776988
08756908903
83262821462
57001638293
18956430667
12200233370
29882285660
44054971334
12480778576
82251504222
29853050200
72736814231
29300084402
07926018074
33427597717
00282332472
61995911356
72424239967
79381852561
34331477363
64732803911
59560203347
16388316883
88690173897
61423953290
07520167410
68000276933
95367135862
62538419719
96306902252
29769609099
37727005789
39875240737
81932393188
63458857117
43010645910
02903484040
96548896173
01266747524
59847039127
83080364651
51421978288
41197786228
21020475714
80235429902
73368954920
60111977959
29882316484
86903690824
22130554245
55008019538
11345229402
62283570859
59704157231
63141887330
84233132124
80685939421
97909066503
59304453119
70951947265
85765079350
30770205305
49839468707
98185287350
48121651484
42457704065
01429434104
77886079752
20198919808
87126343280
97450530236
52657682707
91320379966
38972693928
90472549880
89278354333
04795006490
09242353655
57543947641
95892668436
64213727246
35707890041
77847278529
82682427600
57897597504
60617040621
06665368645
36343046500
61714880036
69895365942
57195841022
92631428749
87925141891
01415723370
33128117918
74258747254
71575800985
17713458700
60335405657
94375519282
55749311333
50575153814
24859910737
76279131874
07262363220
82667143205
54937324675
53617037100
68536910321
63957999243
81705875904
27847720477
75479900455
99755562214
15860406509
34479711180
44334165508
88695559416
54376465690
26490312638
45303641864
83805317018
54423312360
78518325862
39297863701
04843075841
57592730863
27583123950
03236687045
76712953294
04200288702
53639317378
07233615250
74455013717
49417525387
78574167037
50978892313
75714975820
97526872027
94623910768
57031688647
24763562550
13084012806
97093800793
98669497298
14086355000
11973085046
20830757228
37217162807
53314899823
72675953245
06103674980
53320444964
60943497841
55326608839
37012740612
30489291422
80086900463
35987748267
28250392094
68843107747
97568903044
00409250724
02986438202
97277833686
79576864860
78591218248
11125131837
80369759397
95036974174
60948952903
63058215932
93355461431
41479467200
68108677912
85071619601
18550382507
55925747461
96297726558
29932829722
11157397190
78756644973
28706381596
15788532140
52256311856
77219118180
42261304560
09321090983
91031652647
05702929721
40900196564
52851014501
92341676278
24884593308
54562824107
28891995762
43917857146
08191241927
24342640937
95076773994
71274737656
80790937174
27886328272
65685347499
00702677744
27376422803
42242201301
58234820940
93393393804
36251020059
44571575971
16275518324
07157862379
44413972325
64666564543
07734762530
24844770152
48171136184
87976454943
53453418930
76200610886
46291234076
46220527178
23091056600
22684405409
64753764850
25530863507
58421803085
86693583520
90009631763
61894166086
01219714062
15012694376
28283382829
70951404806
73116048347
58859464005
20898662176
36855018874
15663417958
40256608300
45894942306
03672758051
18847239346
70506676684
69800366377
27749472193
78386847301
94702962906
12030135151
74464433839
77838421861
92066947903
89342306810
90466799268
76886166034
76043322005
93201933805
24097834819
82005562980
45887983914
19279800035
17911979901
98334838018
69951415555
73752736429
64042055567
45265045309
05294396971
58635075196
77952876970
23970063752
28717266556
47064640210
00778196755
94441015925
15870057604
39356750890
49669596912
92051048096
27324174086
39678071509
77377661542
34544815975
38427821794
32669136630
48932478406
06173373734
50237397161
74852950989
44871904105
23614207242
06010097207
67588855002
47064232286
28612421756
21164019414
92685553797
47366525782
66173833891
45455034545
57941897547
86673384433
87759817851
80899154344
57999834408
69536872749
88762110632
20989387992
64748160314
84153049433
00047518090
64773290269
79256536633
13520015781
73441952405
50034282947
13032503736
50356308979
04870538504
21419215620
10963396099
33816184669
59207976145
33463230992
22307535764
38649824480
29176710335
78166749297
88787057301
37824536033
51641238003
16736785057
19071759628
19729411352
08653124357
34418592008
16864387100
22461414785
86611080805
85899422017
87515232803
64992788823
21670025993
11135832820
91459646703
26655230780
46311259184
84932021933
14341395149
63458673300
94675415563
03383186318
56613711365
57187077319
91814774653
98808118363
79528709630
61722686278
84909842802
30293054304
77596324100
29620456777
61495588009
26871868135
84723229710
17703770930
84676768257
39406186241
43503305696
07834085875
17498132206
59709491830
15257449099
25087812902
90915310961
11918238901
81213400201
26801677080
07814490065
13240580560
81293461334
59869081983
98133895758
87738423544
75238946317
82092872737
23953903136
07779209725
78202314321
84386779833
41952484774
40706063864
86313693060
31006281363
34204416063
04303273902
74965905253
66577781982
12035919770
96036892381
01484383699
29566287127
94907620322
98172468920
88890838329
23030442195
83490603010
29553152066
42231735296
01476023352
17061990821
37435342408
50433977302
94836501946
99176966445
89616932470
35821333547
26439935780
55005412000
78484385388
62348579499
74060229725
76647925929
62729744770
58521946708
10902087070
38566509030
42619327172
53885350963
72410190405
31480693235
89763276756
49702919002
51561189170
49032545183
97261841188
00138991391
27010447233
67491549993
06355590137
46726844239
95429512052
06052622172
93143556242
27399438579
20140517553
05356666594
25951987180
34094191445
50444943137
04272361775
43330893010
63044160910
53094272959
72680765761
51002829755
22253400645
31298421012
68329102238
01755761651
80676564100
09342262708
04748066342
80507558006
60926977504
37068019064
79961944836
30866837329
87385575250
10936510757
88625104380
32986483100
01864400064
72481567447
91598061330
70254230768
77260064803
73437760610
31146103310
92862720739
63014248320
42793326739
04110197597
83194557661
30922099235
44048030019
56244875842
39476870362
78563499726
33289859215
45581562431
02882956258
16889392884
75970842184
04463403405
76196390040
83598207328
32077289368
05520964408
24686111951
63225637424
55204020942
78691646152
36733578085
85457782360
85275623160
62096836140
44099416909
47512154003
27781099940
76920395002
22181791309
75302676125
58885415326
55773435500
19659156472
56660481800
69644413288
43906927202
95754862504
44928215974
18756050100
61010972189
96752592993
46302453917
09851051780
82733506900
42658626401
97484335282
38384586489
99956323810
19142488486
10266863507
16868078560
05996598400
04531902947
56159686216
47456692165
90183097530
14146393175
97438397394
44318639827
41638045526
41116172984
69426961968
47739872865
34599139831
73067618548
98366750272
60159107555
19090530401
38255539492
26116446833
19096858522
97707777816
59541786073
56558135809
89892071930
12983071634
39122109420
02709459892
66357612847
87758199453
38520367801
04226224787
94264092469
25045874810
00751823350
20963885979
59733409960
86053780936
94028659183
42016760303
68426154611
20358323738
96885581410
53934861032
65778401051
50964383098
04569316867
09598265307
68444073784
55827409960
51004915829
49618142965
89757710326
70945814755
71213446104
65944584343
04064973208
87896459361
34416834128
26868562462
78687037414
38338947920
75617129600
17500890419
06276622427
84424391884
03080481720
19091099089
13446493603
66586295955
04261631849
68034963330
96954743496
71219784745
65587499553
54586157780
68897279082
94464231551
86869786224
28749492802
39003039321
05218098434
45377555988
71546756833
82163427218
90709084170
53548577679
21515286002
51636562523
21987174763
44574865822
45476491465
28938354229
75162425940
83159685217
11568840985
76167198640
07231213979
19943673346
51858719623
15629078755
46697774320
61775012140
56350273001
23147753921
76835090430
93881658963
43354176679
76608864108
59521789794
79173413488
98679783153
31372058672
13719615227
80833793012
49026272642
80288112210
02160840084
13909560164
22791608036
47631814244
50031279449
92887279653
02003045260
87168039229
71858626048
61365876705
21125874988
10669953628
24935008148
92796345858
94926971658
48184513984
92720892980
51656238748
18170412153
05924390209
43815963079
18127391506
05999843685
58511484892
07910672977
59784614146
72455998401
43576945903
68837682549
37770906466
98687292384
13317299983
01845409094
46300341100
35115526727
16913160755
92349834085
48165677390
48480700580
09314808505
89661771073
53989975560
94633491385
02703452802
61307920349
81088445500
61377455548
16974832591
41212180518
19449951616
78876167358
72351698347
93031172981
23133179004
30216302862
34533065970
78046957054
07350370601
29896443505
73153129193
78651749937
16564969767
32269021649
24856630334
85227854904
34497734455
21809860091
38018812020
81316162583
76342955158
27551548025
75941031653
87848112934
17617375115
41147356408
36149771458
30645585955
75300838560
69109107533
26210116248
36683030618
51406716030
35746870102
01393390781
91946325376
16405427790
34929086752
40488669669
77658180580
22179940939
20079184987
16997720102
93169910051
12196791350
79018149268
12529407185
26620084079
83525876505
09030466448
42342847343
46154031009
36198825841
87931915534
58141167812
99015704848
02462487182
62707845655
82006186094
44941083598
47860741288
13557064751
28090614329
76581109657
52302115473
50996517391
74805538031
61763180921
49538443195
38941044499
85741729010
69788461395
57245805008
56833285608
98332614260
04057203869
64348674760
93027939661
90827613350
63098066296
33194798146
32632258391
03765072923
55871629075
80183856538
88690854304
36453166984
35839343420
50623292483
75369464227
60050002171
04253253261
30093474059
23383659330
87849935101
08147379196
85048257790
92828553841
11380217334
29201763824
08946809949
74403361781
80989675904
57055807387
38796065877
84730162706
66937382731
33038944343
60266599273
44459021951
56820945906
85074967503
92184216542
76983350030
13239305828
09926323901
44438258944
61346155879
97173685460
47265160193
82900830842
46535439330
56161662868
41578336198
10278958087
05117825276
41817154427
27603749123
16164757142
90069928959
56083369762
79967993855
16982743276
21874645043
86313464621
24436953017
22581212560
96527672128
47007749674
57173150230
02205627171
14422496506
42357031530
49182256675
89300435850
79194911932
03369975580
40699096995
68468131016
23079786238
53258090084
99009574318
26439507206
53275125508
21656096153
35976959067
23635099600
17057133600
68581800955
68566479300
09092761702
33906339521
38733167060
10123083168
83655785062
39065800751
74720767168
65404870702
40566154897
20639757790
08915252543
02788053886
82986472460
68748925411
51980850496
39533517964
91081656450
32405902125
78003154529
31881916936
39230175889
83549020996
18328770601
93047735476
94062140918
34003282604
68529744721
46070480899
89064181594
34211037200
67445500715
15782435216
10695071130
32852030055
86360998033
26838214334
30602088402
00115540962
18280688536
90711478600
73109514761
71467359742
08880742558
04465300778
83815683076
61984221868
84086573482
67207544758
39822071426
52385068729
52725970105
55228626450
16545580957
49884209731
55557041940
61837547904
94282525908
26981267608
25015875886
20565995464
50875206000
08306467442
38579894670
62901406637
20986374202
45133294247
11285319761
38673572932
20920803504
97543625300
28291713650
76628807614
34246022306
21924587467
48853695099
86311936828
79780722661
34846441091
84165447781
29964827199
20251953700
83064413465
31164433199
11528204603
80590664980
52969372444
64463752809
77690148590
80408972203
22398139700
23251057766
85143452732
51698513593
10600653633
16020495566
54891504242
74379917568
76608433620
81300546476
05173507187
84538587567
02493068084
98360994412
90269212418
45873657939
01383711054
57950738227
12866411366
24332109414
59538713761
26632456669
13324252326
42366237731
54599899909
75572066060
40906406951
51303454521
25425925948
90425918890
70200513087
48069873019
92826241451
41976478910
36580261897
21763945855
73851822080
22000660150
61973397811
32729917004
06412741224
37247103051
37795356451
83820867481
34506312171
04657266829
22737988578
06160723766
87200684252
80682106283
56595726343
66567553561
16179390215
45879871312
97750107304
57525956650
65081397890
77085886005
61697267254
17428838690
17124123534
74206695890
42582750000
58464280700
50237574713
91755956649
05411401674
70226051145
73699625206
77712792950
36148521806
48999606465
58148949549
66113607003
95635273807
27529030302
57872302560
17600334569
86655552850
15815330205
55117530411
52718904224
40949786586
20587418893
60666480044
58324584277
04995225242
47783267335
48326182451
29882625860
04896609670
60002443805
19150620630
38240825435
97514987916
63030087638
31372470808
84794395213
77976574329
26192711186
53893442278
33587804818
71773417576
97081765246
31740794702
74156740307
28826538409
11465165924
07264092003
13920994396
13294596529
68714509040
12229716158
70856140058
37216668014
81858323584
53974190368
54235266390
08319663008
87370194574
47710044042
35483646673
78753526902
62691022609
03378367954
16476437402
93351794932
06557285203
60140448098
42576340229
72663854581
50353875503
04856432192
57173057701
11469920174
80589945700
79630183412
95485668852
40478633602
31119382122
87046868700
56410896565
27214118297
97768464915
80601543467
73282913460
24612473078
90207485216
54340792993
99066535075
04474733878
76303573703
48534514470
45319517866
53667916507
69272417791
23830167563
21072737310
70167525344
71347499750
50838711065
96552398964
75532919518
11903091225
39593699805
17087430904
78211292750
14709800537
39757061476
32932833146
71881705846
76707019783
90052836614
20680186166
31869690346
61321315821
57870835129
95688140003
97053210006
27658512630
77986766514
81710659700
36406502043
55836456950
61695946081
05052737645
83153998612
79006361453
50244792976
18889796588
24737374016
97320780062
45813779272
05749027406
19967989360
60683321102
88956127956
92259223966
79402590323
53988992879
44471712799
00134562372
99325928701
63045642446
94342060655
51748781464
96560557308
26114575300
81252944659
62021917320
06995613376
47288483886
67699448804
47473278274
71318472679
80816634874
01233382985
10746767340
75194548273
24198378517
21370639996
40398512345
00264971400
28586517879
83355166340
36736456410
60186431970
98229944865
41426304587
58864008691
81416453407
68006534543
47351847592
95376575667
32266427660
56247491042
23862634604
78460657426
28796126248
14548814701
42647028362
78351590584
83672882704
14277800564
57766010615
29129097088
05390234421
09794906859
48884072824
36105332262
55147283404
16953767650
18014401662
85326306778
92658705409
49189390318
89127893685
54373171904
29390867452
51952144760
14409995545
40528448749
85589475546
41081339438
41385596805
13070523714
30641253389
35941876670
73763366059
74800358884
10539651338
16446688580
71037728866
13004082942
75827957844
37569945549
09402301607
37481424551
49912253027
93247015418
61880348250
91679939157
89664241393
58133649862
96557177206
47033645490
11412932939
26214249374
10325137803
84971049517
08511361766
99383003162
77852156428
40144481006
57244907303
56737839223
56782943697
45539223209
70573425604
52814127950
12452168211
90324076274
43688824156
48000925400
23544910004
86279998800
75069005057
68515258609
65478270890
53355155624
31846741343
43382861640
13102382002
73538043353
47184039521
54175278311
16103547539
68921629831
96790827927
04382775116
61793360162
09733957887
44706165326
22653386801
01457210606
46774972659
22250173109
53963495650
39826656631
75561191497
09596385550
78195914209
16521461214
77637344690
84887317794
94121894863
20056604939
32609286341
55850461795
88466848851
00252234456
43698241099
92102158349
27373922848
77064639319
21156718481
92131437706
54513716606
91813672105
13610571730
74106704013
61390975924
96810135146
78685250617
12793605425
57614066324
35948059057
11021203670
16716487573
94986364006
05766035110
51917502176
38943063350
68789540026
64270789506
53178740503
56620071449
42952098484
09685865892
71600176682
00610949942
39658656927
08982371575
03796219918
41888625724
11539113701
72764454295
13762393028
26417063003
42891361849
06696031200
39897028234
35595417277
73931087808
88164853534
48613073840
68975304841
66116345506
70522762590
68154820730
29056990195
85577583403
36128059082
13641199433
53072000484
98016111033
30053518152
76928439700
96002016503
05580784007
37869972258
18100217904
82939442770
71939405467
43267155886
08757594597
70745218091
15131148243
61465893903
12427829587
47225832000
57670339780
08718126308
97953725215
80455086397
82192883102
17579306719
57212264806
85203434654
74565674769
44525385766
72789828717
60542452448
36881645473
16328257244
67437996960
74541289040
01223225763
55377153170
53416106369
94227264251
81783419482
71180081846
70229823840
40323307787
32523099551
04270072679
66062410577
67053074200
67466905986
83209754250
19507401610
11716570808
01443140880
77336080073
64758956448
50134733495
69661113920
97446574488
07071498946
79334605855
43209795673
34772734198
47217648807
83847963430
41669636860
32302369718
41784814105
66466964973
53257476817
39482073991
94087726100
65359132361
19245963772
71208350250
40470404604
80326332600
85776154995
38837926405
57618442142
75193027768
32833934513
95588496183
05315700020
75124449152
14029737994
48497554108
21756587914
19609872409
90133442594
69079789038
74462746201
72625660163
16787180500
15233300311
22140775619
86020876675
04068276803
19868839149
87467469195
13120023280
87681613790
74501177039
23395942279
27471852739
49559650912
04585299580
27318111701
68638078749
60880771151
70294177981
13221878940
42536632148
56435265739
97637877930
87696954407
76180661596
43386066577
98360307865
99618767841
23383883485
78175131209
41989640257
09346344407
10276632494
25700928787
58978186653
71089647913
72931260851
27119270834
16742769580
91847523358
92505296510
78673663857
06771795101
03764398078
43656786127
95412353444
54839862613
27395462114
36104226884
93811395122
74459376768
58994805729
93166083928
55989751907
14979192742
91058762907
09707473738
85355841295
39948164407
33802864786
77294496331
76556210714
22734591065
61862228531
00093378300
06038606645
76449719982
06897864099
54111873383
68071412899
02774905109
01047175649
11881565009
16185072149
88861582702
01424543118
14492702393
91778953980
98709515380
18036990431
27955683226
06984181585
70756201268
86715895520
65782251611
14612821874
71932138145
07046644705
24032738483
03343125660
93407149387
60367908999
70479990190
73029613607
65512768069
73779731029
81823072950
76658377430
79981040070
26500432614
71108266193
01770837515
50459924222
03015531573
62200701942
14202286847
04996214414
92942985828
57505193171
24261698501
91840188103
10727640321
44880929697
46296280297
84161394233
36246116744
74143479400
72547346303
67125687067
82881819966
35367323308
16002900519
97920633079
58585521104
91372474250
52598260945
03283649677
74863256671
16023603408
36212769559
17272048085
56323650347
37775291761
63316098062
13254634268
85178100409
88297816494
63041558912
03567273949
11737116782
14872589688
50949944335
57230340063
52378353413
04849789692
62232487091
21216825467
15970728187
65156754457
33956417755
61851885544
38010467022
84392917606
39104172485
98502455222
51273277597
87721729599
47421312072
95520946663
93105713573
73166300198
04406479678
13629697704
65806959350
72255128977
09964484208
82011897289
10013883801
28161826900
09426722246
52803948150
56425175460
39850932104
09211955408
26928598557
37575201491
76576246714
97921838332
70687420334
71639417907
22571897950
71456968009
17157175975
89599835603
49325197880
32662493305
61908628618
94123294235
65473080901
53115904320
43468447159
70158770900
24556836808
28259559900
77310500849
29828460203
30412030306
95549633000
98236177912
78498767091
89347542652
84670448706
32004412089
19291246867
95320168306
44999024012
92066895768
02879150779
25676891254
33173097254
53665264774
49517022409
61721562095
50249003244
26012787650
09021918021
03090128640
97297264776
71932529250
73433761361
79993966053
72946418545
63793278190
09874083484
45807682564
23342222913
34089932114
98360436401
60947579710
17513318069
02046403002
13515063315
65503402332
62519554738
56724956803
09151188821
85169873298
29424752180
82491779676
75047768155
73262749591
87208877521
86138803809
60222428350
52050421338
87078990250
15390848926
83384886402
66425214120
98491407049
17833991040
16637140295
27038346598
91170934307
10912953608
74855197351
20074419269
77219756461
49369601287
60350841098
25708143851
24002251411
36761895588
84213785033
43891216505
15384548665
64760467645
08131495094
54553220105
47873527417
55787249909
70546636594
24053152704
40933500432
27747515278
32393084363
04089429323
80460769294
78574283614
80320390667
96271270000
58166063441
96030140523
06729514523
15698048185
81527016960
35313388703
77398922892
02422421970
92139879279
57758776833
23275016369
76243319008
11014602882
51279150491
42128975557
85769236701
15751295153
22659119414
03563802971
72666758478
72468246691
83698872609
70787165158
24170551800
00349344728
19019232908
26823104945
11827932740
86920136686
54757753381
58192460398
33773889151
19548739054
26416047950
74928471490
26609866228
04540791419
27323833094
48017704100
77214055309
39046137155
45470162249
55862146520
00043914039
53494674094
06950468024
32773039777
13413154796
89248123864
55222750140
61389122506
94242996802
17309539486
83265339637
45772352695
68696663268
84470348520
49167583580
33531536400
78909306408
56004177210
31205746358
31010099957
88257245941
30534102492
52796816524
64377141821
05265020020
75473199208
76860484209
18706337503
94928220161
42136516493
06484430608
29465559768
37750606696
03761742185
04065965810
42486821171
99817461424
67038819607
30558206301
55070973053
16599278116
88099800770
06716809007
20793635144
59400343493
63742663909
82895595500
36514775500
01639879471
15455052098
16735640039
85821902126
87186339948
48199516968
92971072495
36021607856
19668129571
87441526639
87811321580
53996459122
57466739865
65412208673
36218944115
99071076202
84169164890
92225824207
60905348893
95300925209
17741849077
73779286548
85660835716
21218422416
43065075997
75970097470
56806485391
33046008171
14982644500
07767581608
01548914100
67832058781
18013335305
49734425773
90564117480
97277280300
58948807269
85938839076
85941052740
28823103746
99756236620
44036126288
87639125464
58824478280
06217496054
41508776024
64520692091
81428421068
88841093536
80334343178
91605139777
10509219683
83369025973
86581270369
29987920306
94359890800
89998194342
93930703777
93538149798
74929402387
12534034901
75467776150
96057197208
56005220292
20928170357
97880887750
62309937754
58655237329
49134485368
75745514302
32269053338
12872718630
72680588886
32601181362
22225828733
26573462432
03832558993
10574579060
74855271500
45327501566
73697258478
85268529307
97453772109
96150683818
96686394998
13749769893
23832240659
79030164158
61954870159
77246636889
08879862855
94953170709
89703936849
98047603396
39227528105
34710906220
72887014170
26434460627
05283337200
40872078388
28122155189
82828386910
82004418818
48992767960
03959128304
02940046530
67370654907
08621962640
70725104198
81352556910
33287577590
17191186470
91244335606
43513179065
05406094122
47970325530
98485622731
37774770950
53142888853
85838303557
04372834616
20202269876
95287539304
74261216582
93847290940
43655750820
70498257940
88831876520
87338869898
13100366328
89792947191
56546478730
07773584680
21593730870
90047615788
40376092408
03000847499
09507839275
68016027059
66241010328
42850557404
16780542164
92115716930
92658024649
43966355833
23565457007
01344327702
52509109634
97926981087
69033141051
95785638339
57810731750
67449428083
41554649692
34792897971
61829264494
36640361582
92013406800
84547336202
34540543113
52313605540
75991827648
33894076500
96961991203
95543025173
70624192300
49671508618
82706164352
96509310821
82416407147
62908580764
34675564186
31672565243
51716964466
96213063455
30289384990
95392844227
10643185682
14682429540
92298392560
16013567735
31936596571
61993818740
97920185815
93932948106
03147739759
32261684959
43880528411
19014479280
28913843005
32382065834
69917596194
35543241089
28676890404
36116968384
14885252776
78422720930
17078096401
43197228766
58096964062
88149464425
90980310210
58200029891
48632818546
76652049619
78190611704
97639620481
90633567493
04703995972
14206297002
56303973973
48020757589
86898096516
94249260810
87584373801
01601389817
58539120119
80431293040
11934098108
89005846852
51739309693
80145614069
54021179429
66321877140
38645920468
77007145418
42172978825
53949844686
48320594910
04051782123
60325952698
05727510287
81939777429
84532607531
40555125386
47910115709
26716066993
69133842035
65850792643
36483752539
51215056397
57862522303
25607942252
02511036843
03229600533
80206399502
43453482263
84698631858
38386950110
89499900837
53763147152
90615616801
23395873870
21985871068
70181144115
48054237065
48294522856
13024159991
99242621749
41964229502
05712485001
82699163740
03241841820
23464528820
80386784787
02839864681
29193386508
84455976124
41519963203
37629371764
32744322709
24723074112
04620452505
59210745434
73413570102
99001993249
64886447260
06393423102
03039732501
55769981547
59711505703
80852910533
71572640723
28051601181
54153213810
25915466575
00589133004
34696650600
50106903730
26221064325
39972023702
25253493697
58937306239
12267192870
86249251936
56629681525
54976592502
15015892969
43596406684
65855574768
50370621875
75578045030
57157193051
23395640345
15893591356
25122953384
12750463807
20257408673
41188770152
77788604810
35403552006
81258402220
51709581450
35903178413
40850393930
96281322703
97269177430
25149892211
79125721208
42545488186
80478906625
66748159776
07131675563
80426441672
90031770584
99024922828
64289023037
23995072402
63029759644
44651274307
96081480810
90746846290
27791458624
05981810408
34987687275
87332800888
39160241322
88904173744
16394610607
54639763840
56142824599
47869331805
88565669823
38271860640
20822598540
64140960400
35265436235
78949589052
70309635470
71799510484
13382182475
23989969137
87999759201
22154081380
47429599222
07577127892
87168725769
73079759630
59506377987
81547784083
28921670432
99155622178
72056409623
63456135335
71332263674
62730575324
35857117747
50348328362
17017324838
24517679799
42183966556
77848529169
28455493429
06567753358
45495368029
30514474556
56883040650
63179085320
02748886704
34054633943
03175938035
49494617100
52861559101
84206654107
27838418860
15806754090
55994128813
84947774592
52327867339
01055409351
86248025398
91568513917
18848294570
73826032616
22698938838
19411614132
25139493071
32643257561
49359928917
80509064698
55861149500
09365041708
67242897777
44316828134
89616413520
10505914964
04714107992
86818364128
85009642000
05821377641
97703391808
31405722045
88653194703
93924187525
82973548225
70436875519
42708286927
31188052420
80990983749
04661665678
76258343872
11628773324
24044681112
36040521228
96235422164
43382355949
32584105853
50108466167
71307819982
17932815487
28814741018
86253388878
88446957744
35888477311
23145693182
42328055753
59841243865
25060317315
35944540451
97738894407
13869466561
65476481508
44137470200
97544431908
36094524802
48348938478
53827164044
06742127546
46335887703
82709189623
11559706678
24608384414
60191135070
43475302420
69674522077
47809110365
33970243580
61766616097
87406909209
73255640407
39177649893
26906849778
51063570476
76755793302
62361887428
71084689995
39566601298
80352778121
70809569272
43854885849
41504495209
34779339901
82593451106
10242889352
28862729308
96625225061
76753706437
35390335309
76916094850
41301210730
59882526721
03583143990
91088497659
92202720596
99488025948
27359243009
81630964115
69083505685
50388649615
15297815827
46437825600
81987254406
41863329838
40779612892
55377060407
03379225002
17302303770
74923648147
38876073094
65983026178
96030299719
25645554892
94336265836
22780818450
13004664720
57365286229
77916968860
29958341662
65158727392
76445836704
29142542618
34792895685
17458289074
80019176813
81053318022
95867227243
58442647708
87948448799
89417130218
19704886209
53924337152
58405414860
62075202974
48269139238
06067714507
27469729720
20920347070
95186516392
90957570309
48256572574
81274952395
51576170039
20631991670
94249274012
67130270594
31227926642
24732987931
59469102304
25184347550
23217436032
30520153383
02415258962
03876040140
24484956454
68594630581
05899253932
48561763825
50049868276
18910435526
17094628170
03547171628
46296714980
23918936040
04641312192
99433738497
59877572826
55659201083
55324405655
33442547156
16319170050
75924268543
70221834656
86799587430
48972905704
79165908910
69862437588
72814849506
06654878787
60714295361
63980792722
60344171639
18720159803
70950820067
81144330270
30615958214
37090385884
86734645525
14080032790
20577496220
49628612204
65240871434
02057334252
33501430671
99357106294
76971684486
92427270164
15626406581
90197937136
95795081515
89824785230
18256129603
00958631689
21389811344
54111690203
01070906000
37903654675
26879439675
42888272806
92582918830
18920278601
09309463830
23066377687
55900767221
76148769468
67537378207
78685521823
16529707891
96780995274
78156709624
18407273570
12063370281
85995424866
90600240363
81116870797
10813257123
95182196210
18191381605
54306794296
56066981617
91229185070
00365233560
79182133603
34105872508
25002990827
54607514110
72732608866
60822018764
81258275287
49940290403
65629246771
19869593500
16085427859
65686844496
53921102316
60276631110
16806320864
71349063029
85855664260
05714519698
35766126026
21403638411
57927284533
05996480824
43440687007
92788841540
72426374659
60716377918
99746430661
24861458188
22908401223
90610889680
70971362270
92622078404
51640939369
01418022519
51675369011
85296891279
34351996870
03268363814
61929540388
77076785323
15636693583
82306515662
58476034954
30024348767
71545213410
75049321832
56079772000
33308797348
58447689654
48310309538
86791192887
59457564316
95344536844
21719567980
68557429126
06042724053
98937676524
87451879674
62101638150
74259741349
44276424895
62123257907
62522630288
65761121492
38862701900
04636637054
69082347032
48692851183
76605201990
74777295729
49236293638
81361419679
64437769090
71766768369
53135777430
71946528706
24992574319
39002019785
18475474004
88678143975
21410886158
23662915740
07191930012
98483113783
24154866044
86155434611
05165733653
60527367206
96793415506
59968391565
94777755258
91203751907
29288831266
18166446685
52639548590
11754308899
66654485416
31050323394
98920987653
27861153886
73721709071
48770855641
28222491059
30808665685
18779850588
42403297798
58937153904
27840933106
02030409618
14569603777
95332720238
82869880430
14886654517
57949419288
76002192808
88486482151
28973168886
88081810900
05762683729
45164153998
94248596601
30531052257
84886922937
09417120360
78946038640
23963827050
99753032935
05799326725
89490738204
26712197848
62353332005
77536835604
92739688563
06732198017
12094717283
38283706837
95649089574
13035382883
02144448566
01319468209
37524276559
86499531154
17473695860
27238307138
65378354960
17735662106
22713302463
66184310852
77197859247
71233250523
73045274390
43447852313
35482861864
74999043858
50872464008
22826704770
51633643085
63362067425
54820337084
25642903101
21511361328
42608300588
99648613974
45318265588
08824500692
42982474492
91913610527
36430348652
10371151040
36217615274
48027451337
24631070145
97484140511
24790685608
25944034742
85367294570
79264815058
89825048697
14913798634
29065157875
25367932223
73101291054
71958236101
85571787279
51232427918
46717333316
58494219200
06685372648
10390014834
98691275847
43623814490
23994968097
16119725156
76526221408
07889722354
62934446123
12929513039
62210073561
45554971040
50722848404
03954283948
27488708326
35684911331
35325118005
34018901402
69408640837
99161828769
89555648808
31627559485
71353627802
62168370362
13485535613
26501357861
73239299038
64776667401
10793194920
80253255805
44785474165
05262219179
13853688705
27189208585
88444794511
17904788470
93711498256
14110200814
62634273703
06446163770
60883782049
50950219193
79831547551
61512904880
76829317444
77497214608
55108259360
31557388989
80024637300
98638740867
33893861149
68085328186
64934029214
37489953774
85589375401
71432388304
23157485008
21034967959
32643268504
63992939790
43344269801
47010047669
05588130898
18227884121
56977483458
33112764854
59893354234
99016288066
23254259246
60485657120
97878625581
51263573959
40568224175
07794890713
55156472117
04166507834
63477099109
35039903057
77762674900
40930496612
29101626302
40825807271
06789670670
09338914151
28064787076
51653917440
03823800450
85323561092
48037824748
49285542050
35583116714
72422983855
41234163306
64332913760
73794846567
26826732440
56470175414
52322669180
38630703300
77094681445
68424074432
70925261165
62738523080
59947601536
84245601167
77154731036
42842083652
49270698343
93335658507
59751778476
60482723599
60479512795
54081632294
20975605984
99742222061
75561886207
42281318591
19294631540
10930147332
04173318944
67012070811
04096415103
44237954005
25095267667
64914224704
31525856081
12804018938
60375273697
04126483772
90675491509
36446425082
75320233701
38310800894
09287023328
11455125504
46077822035
79778270180
18976426959
88877384085
05765573908
84352559563
69502936078
84792489040
74229006101
35267904007
85703613000
07849131614
54967023215
38751134705
60374817170
30562774343
41784598569
06300139778
58844965089
04427521215
09391755330
35549695081
10409785849
98908777830
94609037971
66343671080
52212592221
13861624508
03398948650
43144878952
53713941920
29774070062
61796159182
81202539904
57427411706
81389875610
58037706397
02876056801
41306787106
78843481010
16759594983
29558162990
63680307551
66627699591
68261732550
20604153309
58714297507
21138945560
58354022447
96810811370
56201943102
06868295065
56056564495
75576833236
50163549010
16976812717
66870164827
75044255084
42676089544
26721447886
68999054004
66871470808
40170527387
12631218027
27976909070
57190287493
97059190627
28846421965
29233040631
63410623116
35691036254
57599862102
44230830513
94259949438
81548174033
09915003340
10308411790
73747389783
14134945445
89804071576
89252156160
54871749037
60532074890
04990045742
32643754190
74258779024
52343933561
51014328900
71081803169
78807654768
37524036833
46110208272
72039609601
29024863244
71473704570
48832208261
67789638599
42926649355
89803694332
82483734367
03905191032
32282598202
10542119650
80117477036
27789366700
04248682109
94150768366
75263763727
59816546272
93634010304
15165282716
30509546633
54405811628
94948760595
75336674842
82132222029
72465787306
13940711322
90566513668
83694246436
12392172269
18705273056
61865243612
23276458241
28684307240
32554393290
76457799000
34584336350
40443329753
85554927262
34479966331
62639289802
03849804577
61179811046
78837341300
33812323982
14330475006
49081364677
26725829988
40337031525
43115894503
10788709852
87230225663
23153283656
35632517039
36638096419
32557549762
33632166293
09167143300
01050984501
49085269075
92054400190
75836640980
29086195717
72766752897
40446709190
04844830724
10763054666
42422870970
69823287910
13524653022
88133347025
75027417713
55637345104
88956072876
77233711798
56224964114
60578249545
01479076244
31318390826
74549151919
64914862492
92079074377
50872901327
44510917643
86695264252
72173741039
26147652362
56196831500
69023596102
77102992106
83219331300
16154031408
04840321353
51729806368
72766227202
65503656008
07126479530
64119541002
79716163339
49008604418
68808831841
93220531008
21821209630
77869428744
57008813490
83542739464
61844748391
22830411390
04105133853
20842310436
88280510192
32793119504
97386738870
05694570928
26804044401
51550662040
07462520648
07133996510
53263756486
23374934234
73578889326
23270112483
28879609203
89109090649
55840326119
41856852547
58799330407
78830581500
44997103756
11356966837
30125078501
86939102051
70392576961
12492605906
07134931439
39089845054
66424125086
01749424789
43865744095
54012428837
14509722338
32955572098
48054182147
87230274796
24729017986
79943293578
96015432608
97977007398
49394049940
51068177225
75907681896
40451951816
28927142306
64763316397
73276056224
17368340704
56558417383
40260815322
16583934302
86484756945
11001744357
50093174519
70464205646
61480155446
58736623555
70167751786
62605529983
71088030386
31972740407
05008546104
25827259519
70826583385
33007305110
75377321596
77828555350
45244654217
10601289773
06772790278
83508703207
41555688101
04656226157
85154452631
03933110319
83518661990
56445379273
48973074148
62021941892
70693771186
76980422944
18700770590
37958848706
27706750523
99639434973
51795615664
41632506700
67067375185
62545819492
55534965940
63591456268
96769380684
06796635175
55570237127
51523864290
09426849408
81159541957
01949853268
94747445056
15561063359
61705370195
34232302905
86592774142
16682689306
87974846607
44817393203
63794926820
06962688849
31286978505
22413688145
38673047935
08859657369
07213018000
63887176758
12480702839
71111570019
96494033296
89663972122
83140631855
91594476640
37473104861
81204040923
08009970930
72765121001
19142394406
17678835876
64727417600
45522987804
67692366560
60686134532
34150694516
90917603389
11831348438
09624055408
63705160664
07475287483
70550433368
93005990621
81414339895
06582459708
89838017949
41176800566
31450531245
86181285709
62670524940
50242904459
60346259983
01975399471
95223902246
83904448870
19098142532
69606490130
18446844079
22669416748
84743440777
11013326628
06437665963
75206282804
09372308390
17595833400
81170855776
06193511369
01251386105
24996511052
15357844151
23630906591
95224777887
70893850357
68662999263
56020607232
27125989381
43698348721
36628066738
59971565404
15161215380
89284320224
04517901629
53899056442
75237517684
60406032327
10507791690
29312203100
27844024364
10995291314
79015484791
46059798160
42378980248
87808284343
31205735232
51265388881
90331486687
94157981570
80584050194
70099199840
41943621799
27805914478
48441170762
22324881446
21696216010
98138873469
11426539274
08068233563
28338785326
59001268030
20775822272
29849489715
33574952368
18412786106
20930383826
83984445334
10318777207
83865961398
90563212349
46368211733
95928576951
17688764440
82915743835
90926521802
64793125115
44091727352
10686526597
85347392770
78516509680
03887275276
41902893107
46225860371
01800473028
65106648106
13732612260
97846949217
33734247985
44381503376
59834214685
42033993272
36038446613
79495777461
93400499420
75771459984
36685291591
33509339398
49391184367
88247107600
90571458807
14446447505
14402632560
07052726211
51017386463
13233549997
23859466291
14767806330
94875797966
53204142264
78469186728
00189269839
99187201151
86511306780
76805600480
95209023176
33796384471
21693750589
87100526230
80956215017
45599306941
07585226063
10075806584
38625039685
89940695934
04273003040
62320376186
03406948901
15807409604
31923196073
33567770764
95818704238
37111621930
48243658645
09204350504
97083577072
04137669422
94856232240
33745174712
96610979170
18622821889
70031156541
00299919510
44424592235
13133743775
99266203297
04392459071
05900076881
66179635714
78507280765
11850349002
84274729192
99843199898
53161710126
99877284308
84982428000
61488021805
88353238780
15703101220
38015673380
47990611430
06959229634
12776281145
61998726908
99876514610
66802417235
85657665279
45293287400
73313063322
57607767703
47050772291
80376678984
49030519274
25905969442
85536440578
59735032759
33656117462
21862659230
28009045691
45739705843
97970762026
69872103143
62474829903
46288543861
76138102916
29521294019
66598061300
25470104109
27778993635
36913944187
39081895273
04851682948
74755650097
76268489853
76049961670
71269107895
57662874702
27611531549
62743312475
99593452702
84378881748
12438277505
59993805378
24473801357
81528738373
61061398900
67475952894
89700741982
43059742154
46965797436
22382022507
75465948043
97979004442
55962494911
17049827665
49396359530
97642356463
92847556893
22488283304
74796353208
02063641480
83801257207
82629983323
77774082670
89799261970
73394452855
65982619027
49244267764
18917286100
70117143910
59026590350
33575311277
79725113306
34575006491
62738903401
31522555781
34570451519
39050405657
52154007171
97291657938
56867976506
66927694269
17488167805
07913982004
69536244691
09942542108
99653632507
94959850647
72632146879
07138043945
96548434471
92594877905
97471455373
64023439002
38922897945
14859866568
09832311500
07174585396
47386403488
35248734215
98283687301
82111588091
73184733521
23944096495
47847535246
47366980471
65569426507
68746904778
80454630409
81387136151
75943886907
74202164954
88508633572
27848992845
64811295595
44423362376
82014338310
04915383326
17942781844
57864660274
81895410991
97420563071
43598757700
43763961763
11046668048
97821597279
88586109703
05321798389
08341313235
42453036033
03490919270
70782043445
79429802518
82612514112
03062012919
10274912783
32767709898
43001082429
58704052382
41993754229
69906797860
97997383263
82957431475
02375185978
28750959786
50324419376
58130454491
71055971602
28609044688
87125217010
79866873471
26465607611
42809616540
36536999169
14994689466
64195088356
13387000570
98399367605
70914683845
21728359007
99164224511
74470918636
51481785826
26295076963
08090563309
73128300488
33589562455
88474153735
17642899432
20914239554
79182659125
09173164364
67446829540
73500971741
69156442530
59543198713
72689966166
57784204981
45320266448
49782853640
76690938700
32878772679
93208118902
17678651201
02239662905
63640881397
27625324346
09974716039
89471048257
69672165706
01147909148
30396166920
49915147708
88939506340
18598278378
35328220323
97895159011
78211280159
30338014209
99668020294
70764135740
39859971609
17536596634
87997423818
77056199119
81347521879
68337486830
75060700577
49702152194
70487010990
09702312965
49115984761
28934385200
20626029791
83794467043
21794444513
40761750932
19976821174
05558778504
66090731986
55941279337
35245047012
80270934650
17849909496
26773498503
12692012631
68897419437
98874799004
27879569200
01451029713
16635898280
40390498378
05751714725
17109317285
78132868471
68367513916
31254047891
08350025190
74532254345
41528045564
66624053534
68941543762
59755048138
20920147577
00486058832
11331952026
40921401850
92756293660
81327223023
43908830117
69720433019
76028719609
43983265022
11150699930
24745930399
83159616169
40284294390
02335852302
10968863086
38601236294
31743909586
98174839402
72829717490
34584849226
40829205446
05869681480
27887546559
33979222675
90580464601
21109353081
31329547055
47629666659
18206845208
23314373279
77735049110
33418544878
60100192572
01957981474
57975888540
72019589508
64140253053
30122066804
86363798655
89091414090
92345915854
92239180579
05444404710
23469507856
36766051108
57874810899
41350230294
16886253727
64074159694
83537682409
65245392810
85620703606
90535995415
86739888701
06863367718
90527204013
20911729011
66366711577
99271165438
57012912430
82281912000
70217917550
76895235795
91744562296
91091649448
75774495124
13094153232
12402999748
19211632919
00921799837
77639065534
39464339870
92686154950
21767897413
21024807479
33837188914
14586040556
64153769266
29160254726
80904109879
79549291324
05868489675
48468454605
49951557406
99931130938
80015819698
18608294141
20541861638
19419656446
28122709184
21173245502
86538276172
76391401020
05002772650
36941791942
34519793149
74763120905
55867861414
54396570376
79417486144
93912447934
57721752973
39923594173
05734195405
95378572479
84636800460
42236536607
62986242103
70045557470
50695205048
31608216926
90538764481
98029780273
34731074924
00656003472
13632877700
00336230826
52470477530
07957506097
75562433974
79717377006
60822039095
99823161330
92525352092
52792399333
14634486784
06026167609
11413241727
35838871075
65255206814
84283280305
65365384121
73525949731
26845548030
75885226156
73482273928
59751985773
00921744188
02914653581
11183380810
56795936376
00402238508
63396802160
24250928977
57267130879
76085759649
03519818299
73677157048
36591867244
23905145103
76150064301
55661813171
29203571400
58472373169
66939896759
26826206471
16437028823
25752629926
45879777723
56674000140
34093980829
87104780513
71389547434
38166191342
14803743690
41333507585
16291187299
96813111671
88655071609
38414468500
57224724688
62509778994
17418821255
17857761001
36496874700
55799232798
01406369780
64321283744
87018000513
19032987925
79278675393
60337394342
91605485250
70029657601
07317464902
54040817249
37193005529
16346832344
50546199500
06582131990
99351874460
35073649990
90983637504
31226850430
61007745347
70859713393
26895192590
92317443560
75217368004
79339733029
05844564685
23761556063
32577840314
97762260196
28334560931
53173164482
51779230290
22243191857
87617255446
39285033911
36086178178
23969255392
32971608026
22417741032
97846697579
72085015565
70770096379
43280522846
51151668877
31390349624
63862420418
62299797050
16555453613
50744903750
54928832086
34537769335
08965231280
96351499135
15672243690
86656566936
34612230698
71143977556
80416448488
64198014191
11826958681
44670541706
44189715565
27206313531
90845765515
36222454925
21590716760
71257104500
57222376046
68497814991
47872623943
89552972205
11588555917
70107939134
29833581510
73953285904
74907073585
17471763973
48570241283
09162704249
71924559110
15933301205
14349761306
66661438509
82724215770
12268030911
79157691207
50418969760
10853613575
49542875533
77676856833
16219555759
26948551564
73049522453
75697325886
91163529630
79562475271
37967315464
48752321606
64920650183
67450258501
83326324634
49921575139
37556752933
87631288453
84783810079
51515682560
11540202909
29574568504
91248725123
70288115570
61085673170
72034198867
58240943578
00491198000
85081612049
98992625014
35382801185
67845608688
46186416810
99979800267
35700294419
93669093109
33115109172
10845797905
98706765963
79078544317
79563186451
63240313146
57317512508
91567190197
96966245658
72392361703
90535824602
32241727113
34694243900
49931402580
06699845403
07631589844
84470855464
38080593116
49337379325
10692829954
56080044854
13893208470
85504807468
68861401759
19134954503
14710164045
32494228514
77244628870
74353560263
61842189212
11386241601
37728471538
61033317144
95844443365
87441494176
77415901460
16074038970
18188765740
23517770426
05689084140
50077216466
64939306852
53778611402
24290157572
24248209969
39911804801
26878598850
33196937941
42513163630
78416457166
83498438107
20717652068
68700447080
08340847082
07070918372
45514837106
44300066523
89488635258
38879466186
93351062591
58741581970
93097459677
44857518643
82304032109
56079950030
14592749707
67457553606
47498840731
60000161829
10065597362
86655362482
29862242884
28562611670
55430928496
61241891605
90062530143
80880451696
34596838720
44813936709
42385078783
77983418540
99973420039
25926896487
74637170540
89336344870
49348894420
12739068107
44371750265
86694291795
04857102188
98612599296
42229159470
63727194952
13194375164
96581199052
90346409225
46074863024
54176760125
48779441173
07337875681
44916515587
63936234035
58516811956
96186538540
28332129842
11436482267
66700542707
70103391479
39021741105
61361642564
16907181614
69888932292
15184563164
91809801206
94812594804
52394655925
73798673691
50156013797
63676793323
97852597300
70408729511
18688857040
28479130504
51428200967
44146636019
01997453150
27900221786
57826232333
95919845961
06103837014
13459522607
32560765640
85265986782
16175138490
87983874995
72932387979
53828210546
50909913595
78229166536
17841269420
54845393662
62037821816
35182704780
84968985983
28391600483
67751226595
00896241734
97231569897
51748913395
41301632805
83825591743
06346471210
03061472541
14363262818
99564402565
45039532229
25083844702
64018251114
39847948356
21667482360
61273241061
63109853612
32895112860
18356353009
84352219622
55055497050
13945837880
14401499760
57500682425
47637803368
02290407640
35056108367
86075750070
93463872625
72990093907
15870929059
43861683890
22547689308
17935316503
68540481170
33192428902
20080182372
37103891605
37359127610
15948411958
76020610802
93699698610
78324310592
65261545307
90267425848
42530703370
98911898058
32742827587
08470214918
50657158747
23101941580
02179332629
80544476395
59410222710
55996495473
32956660918
20353169447
62616916495
68998241242
37905737012
88790833414
38173365270
66898364952
45001043808
60624861406
18527895145
21206390000
54869689227
88939363728
89807161681
74445261505
58336447393
45122818860
05583831308
03166395164
74426191505
12748990285
67004738108
42033274071
25172065970
38513119300
75529115659
94433504912
91980044767
07241928326
72427057037
99236821707
16111572938
17097587407
35988823866
78485394313
95659497624
51638983291
88652139903
94202302362
81208677500
34371326528
84757387377
15486376960
65591262775
94714333046
06948523846
82805923936
18268093684
84727892332
71720322333
85265359788
29274344171
26733639041
36944475472
81449215009
39881580625
39167496172
49908503510
88524710063
07597148437
79285658202
98679061956
46583729326
40084715618
43467753221
76940615539
27807222409
12619585783
62382955112
91367068509
98275717531
22830371070
68198226770
61490217509
95258506410
43252791641
18840925783
21172332100
53167884274
80575557850
49145398372
83122808552
78880414933
26573726197
04217325207
11606021583
90962436259
44118006677
16364469574
69631839702
25402902305
11692508075
72453452525
41753996740
36557603965
32147990299
19438646167
68715346447
33248622806
62621818226
47051311182
08679808857
52916079637
21342727088
49763986680
00798178825
13905792800
60440166683
97992895649
76921505910
83617301177
86951041253
96686139459
69583269620
88930649793
94171857210
78176843164
56717415649
89172241217
03147726266
61283224259
96720838741
25157415338
72315921805
79921879626
29604071998
95020186562
38527019450
78068227474
77716096605
30657902977
11995239925
42739886748
15342789907
28597466685
67591297848
02624121366
49457102525
83385476119
14505135306
79560896628
74997079111
38594872135
19961123093
20266981631
68613019650
45311941014
79482109112
15916321457
69514334612
79886143207
31725486865
75826510498
59332665664
23745742532
31082657255
31287698000
41089674880
22089214023
77971362382
78917682936
95117177584
67015150107
04828807756
26998486545
36944566273
56430272591
26146919330
26857479151
10092862691
93445801380
06324792560
32001668600
71101048263
21545197253
72041581131
25824465720
50775202320
76942548740
74595302800
60261204912
90104811820
49392932707
10040479161
82582105309
56708710579
48013021149
74969632243
61906692637
10856686220
87561363907
19980846984
35656897818
99030227940
62875860100
92467742997
64205504322
12860154647
23456553218
47928399121
20179324420
23368081454
84558546505
06542805761
53395880338
30006309372
75154277449
77342300080
60314080821
03618630123
22479725006
04365857746
36040711353
95672495044
25919278803
54050569108
63394362341
05744216375
93329646969
77762845135
55396826029
65070830899
03264308908
01710115386
49450135517
09653398407
68117600102
73154482415
59233925188
59953612102
36774244459
84265153550
30963036904
83165829888
81050944798
00134562291
45983015540
00185530109
22203845600
36561314220
77463453600
75555290926
76100760665
94626755542
13275420720
11271576392
34413312228
77943416554
58047814303
52930913606
82335684736
33052029800
21510146148
49434268400
48965028841
94662329914
21843805472
76603721490
39533011106
62477934481
65052590580
59935451518
29737394895
77225207580
73399737025
31000725960
24330507587
40378702580
06766101962
47073172274
95945565954
63010931867
57410770724
40042009707
90614523842
00935010645
24951122006
12641611821
85081678570
62171461420
82114211436
51034813676
05681235653
67795637655
28861082513
01543128866
05936680223
35091167633
73209315248
29625039503
46018868806
98131037525
05101724742
20720570433
39892924983
76817340900
47757993474
23748439121
19942308601
77263454629
09601955488
61132457645
03708630629
63978058677
10179936530
25750441385
06965332786
05228823409
51027499864
98467846607
20300920377
15130445163
88358044690
76558726009
58178817489
69796327953
47835480999
40750228113
78840422315
05174267570
37302134154
70857948105
56667717604
42856750486
77001512028
91383895686
91013144244
82382061979
47072073590
75739534100
58991987370
86845709793
87845458520
04737200352
50746067640
86006830680
54727108399
44618900741
29256548607
29455084279
70323402704
77695491403
02616271044
60678016127
58926209210
39996916898
49168924615
15168586112
05481825821
73459845325
44636314832
67317967602
10940818922
56644113842
32788210922
74854458470
91376329301
70885113209
18022009083
96090546178
32594257303
55698095205
18890837713
40979966140
64250793125
44746046107
87918253779
43056307376
49734023543
26243525112
92453672231
47839430953
70394800184
16461669906
15702888952
33478832764
29761955109
40536389411
79179704930
11982258314
83704111341
05546334932
77644241884
31248494261
00564193330
38145245940
00631575863
14926326434
97204723325
37823040204
28912128191
65839919349
24370993369
63895291714
54118603349
57444880069
57121577801
69814767034
12894955219
30676009409
20168980118
81311318151
55366630380
79940038348
31770597646
94695375214
25720169075
57519050750
53293145345
62179087942
95307843410
91025306007
66239362034
75755105677
78446636859
46743799700
13606261152
38367256905
24103009799
81282877534
16108104902
83525461631
36269752400
13810252506
46138165136
25000742184
57783467865
44813809340
48956930406
95470971139
39003790507
58447168417
41023492865
39620075552
05126234307
37445710337
24402129206
67309454782
33903739006
94544632099
96905953695
59883108346
55857656630
96096051502
63964592722
44808078708
77408543600
01962499707
33882277130
58274307810
96384211505
51902619994
93221983972
06944183234
38073213818
92837979813
16876932265
22298922152
72190577098
41067013911
24664299265
07695312452
14416963696
35445576574
34844062913
04472646218
47201673734
03146281260
95136448989
77156864688
05680685051
26351529697
10287576205
64994197296
39311539163
45198460729
49676268313
28484013464
91243655216
32925780350
40653530412
21501225294
09469801520
83574901909
89680796094
85185161450
55964302262
77811138700
86488881825
84222576530
69690645730
19492669749
09669360196
14057355626
61735207454
68595487111
34322565662
54348245630
20994934564
71655884859
64440629342
57794328136
13466781540
89971411636
65955229507
07664740622
11827194308
50675788234
36473315110
31660378532
96940396063
47343166786
80004866525
80044877773
65647373437
69378977235
21354984919
46319673230
93645532684
46993000300
86710981681
54286379434
71101364262
82441567756
27668185968
44430435944
48388804723
26343629947
75725445500
35825879323
43835910191
39667800709
56205282518
57224080268
64589019680
07595579260
75538860256
81764460251
90377969745
13174915139
50627229182
06339565549
98672838300
48765870603
96746122034
92918825930
46784155130
07614030273
71544036833
33753422177
17136094283
62940101957
76766690739
19505786824
37490401925
09239437061
88566669100
50154148385
24048365878
91123835039
37724322201
30068615159
30050247760
29222120175
73764456256
56981597772
58079826650
85544279713
32199544729
16429508749
75599222284
43782181352
93350707262
63483311998
56894411123
24890791744
82950966055
66952402802
87532132382
43523341205
93877500196
03526802610
33785596758
67119219090
93858397059
50837677912
86043581884
34839914419
80922467692
12001641303
64687446361
90582727537
50452807166
98068915460
65185786450
98663857012
27488409337
74629609075
72728318123
36264860018
47855116990
86514081614
55693334015
82644958342
79895504748
73142010211
91981889922
86289571036
33705936379
89393828113
12541437188
26341406061
79334525746
59860826480
09680653846
58939243803
83455228828
45992107908
68175851988
81138730661
88603966702
70653925204
06384265028
33137119871
18272836882
89000519896
54080514123
40993294537
43459241705
90406687285
23604606500
18410561549
49496115004
44011757357
30258874007
17352248129
27171425843
27906349555
90674926633
59550404390
84810846113
54339927210
02494859409
09885159460
10298557657
73171147661
61802848142
32856185312
39708713953
25613531250
22584014530
85197681055
57738302305
49164359310
36701228933
16645146191
69389845149
81238856284
60108122913
33233496010
06555962321
14124869126
07491013856
34779568935
15366102839
05373400335
91568832699
05229941057
43465560604
72324159236
34866538309
80527318280
72538555310
07649736571
57119488309
26722454606
09280941542
90500201005
43115808780
56285715807
89067577944
63420020619
02640004808
36870096708
19908696459
72349888231
65354892058
96383939122
59888709968
37227002489
56450018690
28650621716
31638122601
72045593550
41276321007
62604573164
69021348128
88740446310
62372971387
71977480462
67325800436
05769943408
75213344771
77367079956
60086780522
91218950315
20609599429
11960702963
54684264807
63607574944
48964027230
18592569613
21746866004
61765457572
77239947882
43050577355
82382718609
80246562641
34367622967
25882105625
19274676328
93613908131
20777328577
20593224809
08072347292
85591588980
46050776180
85997981622
34592473558
68762292625
06254077418
71017822565
52555795308
49188921590
27090281582
09312300040
89881789478
39112960888
59681711629
85849546782
82435781962
49350126257
88412260724
79783339303
82811531998
54705320620
12471406874
47370304060
89193626371
46792070866
75972137607
20887105661
97177282831
80928210111
38620106198
73010397518
99411209866
97943253680
69381117071
45415352384
15023833305
69405716476
95698077339
36626970259
12817036301
55983800728
65819093437
08801255438
89475219145
52853008193
02045908097
59680806049
33425833049
60380858827
22514683742
60725258810
51690062177
06955100459
63250505501
42637498986
34719699260
88901063794
46757743850
21325469165
99574917509
72882603800
60091105641
75602064338
64503498673
29134877347
57569338758
80783168365
62822033684
74134837693
45617689126
25417534200
73620593884
22639163930
42154660754
60398475229
20635754959
55456338122
43385709547
91721558179
12374902609
14035600806
73755770806
83639254899
50835189295
56343725261
30484011723
24233048387
74458227637
39825277165
37153660445
53871703966
87423254550
69569735619
56045760263
81807328783
93183428377
74766635191
63562839553
77528254177
32660209448
17804598157
42804665801
49000969468
14338070684
24333839866
71079700030
29436861150
28071523410
14287600754
22978691263
21607940078
74373118361
94750264954
46316438036
99101139100
43245366353
73615755103
01708007091
22097768130
34419675691
79326152677
17653046282
93527106812
86272978278
67911587868
39720050675
19073096596
98424197208
89031667870
49249159552
55791550189
06938068690
19337290820
21307010784
16097395310
84822005267
94548208429
84934559892
23497510319
60886955955
87019502660
97599518606
69083768856
79030114304
06529677526
26711677331
73085445838
43946790950
91768315744
27638735455
56330718679
48370477933
59527818532
17313718705
94425737563
15959812681
93596811562
13616409870
37302180857
66016622320
61905197098
61882148312
72053545100
37990485613
08764791238
38888337016
93020675308
15568769800
60078560705
58442412662
02879208874
30628930798
46723127048
94767386853
10700972331
88721457085
64722063842
41347357696
37521308816
30149081774
87797150010
39927225628
30959078002
65683959780
63068512832
12072171903
84561343768
27373562884
89101832174
59207564033
84923058005
74260235591
35741924794
16797569230
17588604808
57444681708
48157153603
94190906395
43542990388
80305032453
92270337778
02089240512
63752307307
26271360629
17761786887
08594256655
51319944620
05916409702
77310274814
46379384650
77288405095
01937072339
61122712901
89540983630
95709557838
89841895706
57546177472
27812707768
21546544607
87453655714
20502416742
17320946912
31017751919
49008031035
70425502775
34680771577
65652353252
81421343576
25513597322
41704561574
04247710982
78997167219
87378757446
44306036502
26137495205
28585364815
90805106707
94784336109
36282987849
70460441558
90323143350
32808698542
44246717207
88693598910
24956442955
49912175557
38543179564
48268518634
36856784260
83816548156
48676158894
64346957722
97629660820
25425703619
02958559831
33358561046
98494425811
25994372889
08258518747
04521740588
43925287825
96099330330
18786373200
36848819883
96727471959
71650690207
85727886970
93731309432
25409664469
86236315523
26481519900
81117006794
77972922136
51850386676
24255685657
80305240560
73545452522
15802552565
31358795770
62456657012
62774400805
50746408900
64934078851
50876633548
92825414603
11865892998
26997348882
43582687651
98350383763
32258848636
42531159002
01674297955
87944780748
92318363900
71757471790
73242919700
76135735403
56950501544
52421814197
49794362263
22575737494
69806225520
71373553669
54356029550
32594532029
30590636642
98572969128
52460920709
69451830502
80826133606
28150425250
55631998513
84451444640
80782547095
35507645531
64269345772
32002708703
19656512162
80159230420
02664397800
97746639348
27530995022
95126585266
51802470395
96800283304
31271722062
50449683079
89202206384
98866812250
80493765913
97996607001
91216684260
15369720703
73626757633
20335286852
12854601203
72819024092
29286951094
56444983959
76548750454
92518745572
74866757493
88880477196
13772801790
95138742817
48610327094
03391905905
89301279169
57173406056
79928436738
35191274318
85648548729
52637591188
36772291387
77190630317
00393584704
96815281663
09724873102
83427505316
74492059717
03462031120
44761388536
52382217464
71407767178
45254135654
59816842165
79303745566
65971462202
83186558425
88448440366
64199321144
58727033767
85418375644
32570908380
59886843519
57308394646
99121107572
15281728253
42236075022
41501822640
75033642464
94747672893
04331033104
81442132701
00018287891
81454440040
01514608685
07632635750
91211125688
44091411630
17825328035
67463002934
65936502180
20010701605
78195794041
41078158460
53448599026
87233973571
64352492450
08582650957
06503712596
60872662594
79981805793
30238241939
68873259421
30358193354
64813977235
41001792009
25063852319
38953723744
22902944110
47645363150
64415055257
22707110507
16253391518
85820991427
64453287682
84470369608
71491015187
42388913764
28021818239
26731233935
71358924295
55216945954
90112405452
17031868777
60814376045
17916808609
22479817717
28602186029
33750010374
16136841002
15121984715
41713686503
04287610628
18714580306
85803185566
70695680536
42638594563
08607832603
85578134904
48941814952
00997978600
13528249730
70039650030
93744556921
46416520745
80512493219
03225208515
13445984808
63567646273
04639285124
92099813086
31151175153
39800182020
13947252803
97123014006
10592337979
45880416496
43994032091
02368038914
45217960019
49407876721
88346708092
61468732412
95693872467
54446834746
13502314950
17299514907
03144147460
01879366509
02426015705
13723674208
06371088416
32877210707
39656299302
32004872160
06955508881
89538190408
07187273550
52844782159
16263764503
53543001930
41344832393
90798218614
34112957246
25874299190
01465048790
64351773413
12872028102
66836132659
51740764579
59559633678
67733865786
30690355238
15422263090
98645676249
19236610005
22856907032
23972689497
98643263419
53892278598
37087268120
69800748148
09350095823
15552602501
99357851739
72145973494
52981845705
83095460090
90176331662
74270335904
22079435264
95085126106
84304016792
40452691770
61556994451
94788814420
26903665250
38748038300
47527220899
14974292005
92130768865
15534519703
76674347949
57556836460
55811305907
64693007234
00293478236
65621375009
10236211773
15051611265
07643856150
57592483084
47661601001
26347265460
37903503545
91828175021
88253595786
32901570917
29400828390
87513131031
98826978794
07502692940
29421776674
11798838028
19755201220
92070989704
30228557704
78409887509
58152088099
89897927115
65755480915
16153708706
58163604506
37508936086
78637508499
31806595303
58231813373
43160082938
69409099749
60430162901
59342983480
93095102500
96965784660
39374183005
58433741225
55932799005
37037201235
26640690985
92442265613
74731099447
16272799381
03890049109
16218151450
19074675131
00574705457
71449477291
57194490358
26925449860
85881289188
74782783531
46502096336
45489044683
83443498183
29442033719
59236847803
45454760900
75382279209
61041576706
73884192418
65135018492
95596084360
82073046509
12609040750
79889429802
62884667350
94319333497
12257920376
94331878902
21978569360
89971166909
03825474208
64246024295
22118017227
69471900379
93474444727
08603527814
25526415201
17361704816
41423855850
27150358705
01564475689
52746085828
82376102103
06242106779
86435964858
63887233816
46990332700
23714908650
72039512780
29707130202
41110536291
77119750402
08146150071
94267194742
79913049652
00528310780
85592464010
50056808968
66395128310
47118603473
55556768919
62014450560
22989746676
14867011169
10020971427
94719288006
72511750708
00801286700
03316372199
77764066605
08723861398
85888470600
94712342390
31361786027
83965495402
40415469406
21965905765
83321170035
29198759574
66034149533
77882754501
35020449709
33997745838
02272385400
40911329790
54928949862
78901268914
28092139768
08678802367
48869776859
35102895010
49622624324
37185073820
85650111510
52262234710
78076526400
71018972587
59511581767
49222768159
33573469400
27113250084
07415722817
55668309517
53315196877
38007486224
99140380343
16079631911
43208043171
12662505303
73488255590
03702031278
20099952106
02806080711
14061926942
61339586770
83784217249
49930723846
99818021584
24717910001
66043358956
94624469623
25072581446
77422155272
64392463303
27119609270
73165775176
36542160132
87455063458
18301902701
01047879450
79283775350
15769321687
40609182293
11766288448
26099756604
85991108374
79420306798
91118492072
58009202819
69122498923
40886629381
63839538505
29284082749
53137720583
52336507544
15104312844
04609682974
31972778307
99454681893
84027983734
00113020201
85214576773
06679036666
43664040449
94183222699
23441197950
12695371306
89486939306
70463451473
95579050933
79954935258
43813317102
28343708857
54972073241
88690971297
24799513915
30723668370
34595381557
83158003961
64777665151
83435014628
14138978194
46776926298
43479069860
28812533698
16335644959
65223738152
41590796870
61874625484
81991146302
06020395251
52758847027
30066393590
27318042548
73348946344
06060675158
10145732460
20846315483
38395459866
35944631171
13673243608
66261186766
44208414197
54872368959
40528453157
65202872372
46076665483
36895432744
52566881030
82419466004
80379633736
82869111568
26240481890
69249603320
22978930004
52050778406
02157305424
95985888150
02332715460
57222903941
20058429824
11805410229
36894853983
56729706996
58775730634
72012827276
51895639956
82828307808
43531324071
91500801216
80803897642
67873638189
50990131718
65550753685
37199117647
01902377400
43947929595
84191559427
19068076205
72714356389
95645463382
78731521037
91982115360
11677922621
78585780142
17468628408
56760095197
15536265164
10887674941
38613354335
09554445946
47787911344
25627301600
38254219885
60827939353
46058322383
96977928441
24918566200
91270968319
59873209840
85658309425
64560568707
03596636302
04728949192
92608682898
69729606145
89824899839
74290737277
75301478117
03252887207
47654934742
04210428779
58456076120
60122175603
78853959525
68551842609
14832789139
16694398280
22161907131
63164061692
64771439176
84567449991
75637185590
50154097705
58198263969
19044727370
85779607737
21351095331
58117814404
51089009100
26169779233
77663512189
63359234758
87040337100
38467839945
83867657980
83146719401
60084144467
53689744695
64656009512
59382141227
78639907501
70875079156
21590708156
91748902202
58376027395
80975841661
77429804101
51847914349
31140851640
84988020754
42898499382
63100060377
95037963265
35549082586
72208181905
87926188476
47348883966
35336136905
86893937148
54364973815
62161179470
39647473354
50436642310
81187479721
69736127095
97340977171
67905672085
68693617540
80419893148
03995882803
49760566354
71146592884
53425171410
23774743738
54914982110
95994802280
48832875993
00374938849
56362681738
72510505289
27948747648
36293889908
53784838081
62033221644
01127538098
97821485470
70237683946
15957793108
38967134266
65088770111
11524794236
08108253330
92381723820
26398071530
33262307882
14129810693
66114355490
26152570999
40242401708
42839194970
00265226678
46176952492
46027875682
11689080353
37685853957
42706127546
37714975318
10094913340
08384578001
39776888470
35689897515
72672228892
13416508475
61945129700
72257162803
79028704124
11220553239
45199631926
73487986400
05722598321
80982889860
48441759804
94738588508
01064891357
30330382985
91656440776
53637270560
15610151058
89095730824
87859910314
46233967384
19654352702
05456308193
00850578272
35193416110
58595368600
54818109991
68161935203
24400341348
28725347411
69032535056
29426369040
90527881201
58905307981
46687462903
05898779680
27267097537
07486374943
28283197339
93189947295
91200761855
43494935572
99891299082
67428689880
09363227561
03677939038
60927874903
83737749981
20985736933
95609266165
04903832201
16910638352
32211605508
95384436409
26045236122
77751828811
74169578422
04225794245
24130293974
94708009828
53232524214
54263202090
67777488570
29002696523
36530983198
51053996098
56790788301
32445984556
38921072705
05402677670
88934328207
98591135130
46638327259
66002850104
33373673640
69011816552
24970901570
39456641791
28841275421
85504322537
34321432065
46569799452
54538684147
45947928809
42923818601
16547513599
83278144945
90126251142
33949281916
60570600677
13138312985
09714265460
84097740113
73448923320
37570101596
03422658491
88203742181
18451600298
42264646640
95762547523
91396367802
28689165380
63010548907
43444589409
18100427208
89735331268
62212859767
44559851409
81178459110
06294218624
76654130804
11366858123
05848171505
36300366944
37913089555
84297212820
64211994530
09253671335
77047474790
32577466790
74349671617
78492432349
08061732629
11702182100
35291334002
97906042204
98248389707
55499290318
61156904633
50722705808
43835140221
58729167957
00370424751
81102008931
93827698707
44464883338
77577130648
98923217905
34523017026
57363862249
28053391699
52076105972
26327624308
27182937999
65367844138
22644647550
99934120666
12820719716
37214111373
22063040400
63671040890
96198888207
00283476176
03641643791
73288991314
24231129126
74384306008
05818080021
53495004904
84359294425
44378461170
18615848149
67031180198
07275002795
16172954008
01581812043
46502062350
56038810978
76251902000
33156738379
86890346092
80103115960
00953713547
52587533872
13009838417
47361424210
26512711017
33432165420
57700878544
32533124702
56232908686
62986193722
45837738703
00089902041
08285721868
92424593647
28274042220
24130641093
45455231103
26877033388
10486856240
71325016667
99615909106
51784896241
85149908703
33394788489
73498403494
67165720405
98376466402
34493308702
95242723343
05265171312
46264164976
85256486128
99605831554
86697285672
96483137176
35647133282
55391310539
61135460477
79188308146
11417208767
90950570702
70310958407
97675980573
94841499954
13603280849
33507034107
60717612805
19062901301
30720153840
37479172168
11531409261
06499308862
52082362140
60867588756
57501941165
53509455991
10073000515
05110776881
79356439702
57815872093
19133639612
08123073569
04796454268
05766740956
23261975423
90368541800
02282949080
95961532267
31890246263
58237500210
63561436811
18137287981
39019098500
49646158129
51481657313
77661163837
97095240540
95958564609
53150721423
42243176211
60965221652
23282056311
03017838455
48120185447
78826323682
85020633917
70660859068
46792318906
98423316106
23733011562
85764538947
92897322616
91051218411
49233963934
08033371323
91182235328
72298199620
90346663873
49804734079
93978074710
69359528595
09079778800
25151593110
30176038060
04164052902
01915665515
54063548929
25480256670
38725911775
95065943842
65250890504
30489213898
08746004483
87862456513
00683874403
20502525525
35691869973
79229500801
11993738347
89825458089
35776326745
46797168945
54970588414
64440907334
14596061408
16372636514
98333025056
37337432615
04018387300
44861992940
82054699381
70702021563
31433063786
06975697302
89018932906
76115347505
71149270969
49505466439
88980348576
66394932760
89559345133
79967881380
79367333889
63003757229
97853223005
62630474372
37642290802
48902127605
25284822560
41128419904
95709916668
04838150121
28085757184
61658930908
54375158395
41336522666
95860364130
83672215406
54245119888
10839590857
26502948928
46959888107
24355464407
59866243001
71219660183
66708730774
33264780704
86853663560
04181280578
94660115100
40316220310
13441078268
62888309173
05166833490
95784988379
28892033794
61621055477
66804559878
26844047550
75366122732
69100773182
81687949581
73608036911
36690637301
14949837966
96275127457
33507292904
68028917780
50000940003
29519255303
80108684857
82011014999
34609480352
15583659319
59453673463
64876736413
91961627086
14419106034
44469179434
58442375520
64957107041
54494068780
75228302905
97849078101
46024512929
46152017025
85240070440
24140667508
82053185570
69622740502
40225342308
51690430400
69217755001
12647238227
93436352900
03116202567
54489130597
72799256180
76494767150
89436475497
07837013220
15047134865
95338374110
46162125971
20461247909
32429733218
21670892441
94889577602
94296703013
99468526917
32497117489
08249188276
69222455630
68010997366
51101789921
13260636005
78967314108
19742205914
52199919307
61349357510
77958742827
33342239905
87748606668
58513929166
47443594348
47121975440
49255074431
36600125993
32829565681
39238001936
60929355890
88453637830
40845445154
35874210300
25534731338
65110430535
05098172977
96671739927
28844935902
75102900668
53520528770
58931313632
97033277709
03038885550
49135293403
14555586999
77379707388
90104770295
43110358379
17795486720
79318712944
35269321157
22594335100
10410973793
09369498052
36011744214
53905153904
42169017194
13314732171
58613017860
67137486517
48711266503
38509904510
13103410603
99297130690
20289932270
78992268564
42055772309
94138263829
81284466655
30875893309
51409526887
54255302502
21853229407
70839014147
26757176220
68112916802
51975108388
93481181027
58619758179
72782772562
15541203228
47757752353
80252988922
36512054369
75477436336
44151417141
32461170550
89272895448
21392288630
68905696791
01378756304
81690589027
67612352354
39697813027
39432947068
73576804609
68893702878
78919992878
38826072205
39596358340
84429382654
08147298439
28972559784
80093178450
07007541054
67598991642
87256590229
56350067444
74283121088
77500142684
69142135770
21335492186
25375202620
03738748202
07276327795
88340374990
39440259388
98505150740
87595648653
01157168310
22348966492
58653890254
37969442480
85736432935
63794762533
42405325900
15083761580
31659464420
41727092732
68252874940
45801853588
22998070809
45674355916
86565709190
16877049969
61896464840
48174952004
13434663266
04246142603
06341662980
47426005500
43871455440
60955947316
40832405558
74825733301
72226218653
48814684057
31323116346
94974030035
87854456739
94237919218
20144585960
66259096615
04024075802
26897514969
68915295145
56976409432
20615605397
36159866958
56713608205
99712857972
25857338824
50528893998
87666897162
97817028508
21829246550
06668177743
81428295763
35091526978
62433627524
37935645507
02837549070
93756183157
87851783496
68492514655
62600942130
60376654864
58625009956
92040106227
86674182699
96267073998
60485292602
65697831900
13882921650
90538768479
79829018911
72531960155
94658482207
58488631804
58184346050
60139754423
08654801689
62165465460
51704480310
52311654250
38966679129
34078936393
91039479472
91059680890
96493774098
30201913356
65418056107
35684264395
98909242850
57767877183
00929758609
59528602738
06153903746
05288656177
66215335606
39067312789
92160263591
17237566288
93576158146
13987521180
44718710804
04994344710
54088235630
73607120846
52219886409
66288987336
19922554070
43155642220
75850482628
10326031278
80863187293
11690405350
12534990128
35004879478
31616390816
63835918273
60992689104
29329633501
62755361360
55028303908
46938999929
16742015756
05659443125
50075138140
84319464079
28599190903
82600946578
52700825357
53014466905
48390034751
70326041290
36634304998
03031335708
55542784690
96040575530
32297953852
77786345620
04340260932
07160875370
74049307588
77474515806
07580477386
04183806275
07319314673
06808256659
86795656527
40865362181
59125618520
39881267803
82392854220
80203049594
73368973207
47228668561
17164527407
53758828414
26505448217
14986104632
08174258531
00331521792
77501435219
47295808183
45348276014
27530262114
59795435620
91878366530
93318701750
93656878293
24234582581
70669525707
33847155008
24009146303
48383926995
31348962224
84178297171
18347659869
58831125796
54756248870
98459370984
45809926282
47791621304
84204191339
18462231213
14104808369
28043067473
94218821216
51269492500
91000602168
52088483179
90894935224
63295586047
99975273130
64547036578
72421062306
84976279898
52884059300
55048465369
29346366311
85475496846
47103774307
96412164731
32043842099
11982279150
41506527086
64798315940
15218749133
56974539142
30468556214
96337248309
79191342422
02584775476
43070954219
46158716197
99601313869
50968857639
53413231812
22238395253
95709765600
16755966380
74920924070
64799296086
27828697368
46114846028
57532716007
34610661926
40778639029
56083952638
79337259966
87024416327
01165777380
18182543606
23567490630
26972886600
16125197840
88205865094
87757327180
29171300759
97447250015
67268214090
91771134704
94944348037
80513040129
54967595286
91228945608
29208088189
77918616820
47900490949
12225411573
31865197645
32312405300
17900217827
75181422101
16525046564
92392809445
55501699087
74552342100
12568278358
23622772832
15325741772
56796267133
87817698309
82565775253
54358926355
88227807950
65909769456
09479775115
67234105999
76042263617
64340509922
69004984690
99128848250
09032117424
73287889176
77396574765
10867665807
50236370340
12158511460
06115470749
22372710036
24470360600
06129817975
72572042843
30678413282
40805710205
65353513355
79994780832
21307758533
22653313928
62267231573
65419006120
96917244481
87852176976
27994783449
11415966109
84394906822
66879257925
08249097637
42203886803
70738740403
22958652556
83936831149
41128485109
61283211602
02058493001
04612860500
79551805500
70913035556
64251789814
17346678699
15326935830
38371785950
88892761692
75936884023
41120115639
16875624826
09735019523
27513810303
66252428299
29676015784
45479363581
58363210609
94046057009
13896486217
54740021650
40818303980
73216281590
99997220919
95961694321
05143036704
66806684688
67531511762
77235645113
11687805601
09907411760
73793783502
07440699556
71819042480
23359917286
83403926540
35625046085
30810234599
85963676673
12419068408
83085735682
12371256854
09345650822
67200418510
21519968086
06924283993
85513465809
32889462200
35770093650
55332587520
05376932893
72447670303
49170772142
21967370621
21026815487
31687041563
35652422726
20626198712
80773135588
05076305052
96753486232
26996768020
93699731413
63325290914
85595046643
22043986163
74621480723
16621823410
72459683499
68263390648
91684439434
69720550163
03311177541
39235889090
47421956719
40840939639
24796830790
91940129893
71161927603
34621381709
93132492353
45220638572
77426682625
86477350050
97056307477
21591379601
83424889776
87763340312
59973241762
19491445502
93914690518
14590328372
97203669580
96633099975
46451449369
93175241336
30921654545
61227335393
59907565857
98000216124
71372687653
75356079931
68241580622
82606934709
30195601106
91162815272
17095561532
11593688482
78748373044
87590192988
52347461354
57312431232
03056761131
79109485813
24563290238
40517716607
90242525989
89946254450
93711158900
67569772024
85318274692
02785099915
13265843750
23373304784
78938305813
88310830157
00929973178
16996410800
08318670604
74017443338
26319078685
03056486246
13911333587
09561106574
24802600895
79315987330
33644077207
01605341940
53501698402
71998841928
07896243890
31908160420
73778518054
81888428503
86911503353
81529968585
85377419308
79768623837
36002324950
93921813611
21263412912
46247140240
12473790000
34866878240
31630159050
58765153103
32544389737
28794394938
33106728400
82697873619
40052452859
10454076584
22909621715
49173562106
64719032940
18623119789
57483332441
60860506940
56673141859
79153450604
13174396433
43875229258
09325302225
83662125560
18306073088
92076329692
78922958448
38689997520
38125128239
95048364023
26376412823
42784098931
80480209634
13530167657
44842261463
92777692467
77678858108
76218206670
94202800044
99998339260
12672215189
56728246177
62915660018
03977185780
06119604863
67177989471
67370664023
28727055205
94626023010
01119949262
08826052328
93997287732
57498835665
93519233207
48503471930
89674588434
01099317851
33886907902
82311387570
19637701109
96261791392
04160149332
25383869344
34517906108
67790222848
38162530320
20105529389
24117271946
19800365435
37410966017
93221708165
47073737204
87199426992
07404312183
35038820654
24463006775
74135149154
06169931612
30215023854
40089814541
22974890644
58309989717
13282597908
38208017078
29310247320
24602380379
10978378075
80022971645
08441471410
02966015195
91589154789
13201262005
40230847943
17110875644
37628944426
13714441107
11278255508
37995907222
56558645092
48184409818
47952490753
03586895038
19762686993
48465278407
65779871736
50116898240
82969377861
45262967590
27958651066
09579560706
95491762237
91940286484
85993113286
18349348186
21922243540
14050750317
19562444333
31290105723
38905358799
51454223006
10880902302
74407191740
02747108384
71645695174
15162381411
21184513260
48865423447
66367886400
65623902650
99574785246
53728320706
42840485974
15675871608
18935021393
06149363651
99968304700
24326661941
89951721508
20821050753
37650668347
89435308899
09187362937
96702657625
43024661700
07337104170
20319496163
75590200202
19338575799
60743764250
81256796425
40031743641
14845453622
89561093545
11248060326
41375552309
20179471058
55879833402
15458265602
69682140676
31999250303
64866705760
94879806790
73461790133
44575093106
86078484290
72416545876
73015571168
99102362651
28315210920
58062852512
71423677412
40294665323
69101840096
78391832554
52285686897
04383960499
22591900140
73616068142
80177185511
55620002969
80460717570
29955861207
42958782514
62174186306
02243771403
55954494622
76109677779
90280752679
28777320379
80385813260
24736271345
54473149684
38118958850
19969472810
39314636720
07716347578
90046724001
90865981299
60111890322
54919775199
99093622870
65783476749
93296947728
05647839193
81918414360
49514228677
56480699521
41640660755
96639698145
12859628185
88722060570
90133232514
25880190056
11099725984
99014061889
21996960903
66432260310
21712192892
23232816070
06726467737
45721372770
73428621000
36198314081
49963601510
98676569975
75332894392
12569691410
86808659664
84602514545
52499983485
50102573000
74662467292
01676193731
06685793821
64241388035
76672850473
63172226905
23917344335
37359083575
33235213902
77631988935
39688844853
01434486419
18300080210
74828927700
21264053622
68351014826
26513876303
00114848530
28589741796
55679959895
62511048302
50328590444
56651217623
48050875601
58741750080
27994740715
23288014475
15133677227
18294558184
99930715282
24326813555
02577879334
04717530411
39014876890
71704638909
16971294475
99478847910
80875355536
28478798030
50471918938
50657865346
90157865509
68039701910
18221638978
56230627507
08506749212
55941839065
66746098117
94865466304
06347348144
18076405238
29894615821
05526729630
80198510543
23574745133
70538597623
42422918506
80686775775
23550184808
11542874750
68746823182
14118120429
90639787908
69579929181
85961751562
07302631425
45410227964
16088704055
82154879985
93433007276
91826069518
01085588270
24985932922
46357779601
83689888107
85077954801
93240093030
66119365052
85673596197
62403559415
68701412906
59940313640
43058105657
70302937706
83597724019
75108438125
50588752096
73413060848
69589581447
44495268724
76114315286
19311235512
39559440268
26867753949
44214830954
53232360947
34552763423
56073893400
50335484689
01192391837
81246788390
30868671169
81754109306
91748353276
30347570186
00852102267
57105905689
52586041011
53488724158
82348815311
31893838714
85240053430
15070674706
86891467764
49235223130
40432070184
43844234624
67948080139
16039918160
75184994955
20709007620
38123349769
86501223539
37241017323
60505290359
81340162431
12343473340
10346220726
16161257998
12573228185
00652540740
34007880905
55930129622
02205740300
04197693400
74528482762
25383518398
07079866138
25967128069
90221476067
78030651805
51575532859
94981324022
90200545388
51530512930
27897917169
69990507244
61807491242
69679023346
31596615630
34319059786
66784590597
44691585427
21586630300
55550237822
08429740830
92200916400
13906260917
15264470375
73481848803
34682416901
57312907768
62578566801
22886597341
42432953525
47944991323
11442651938
62128187974
54934322850
47513297312
20704340100
11793217238
25427566198
85995688090
49293795396
44929362628
36230162504
27644599711
87083466661
52654750604
74461325741
41247068803
35425462751
36760866002
36195671401
08781592078
76603079321
59665721518
48152937088
37813176413
67821408611
41794458590
94018926529
30549393242
66988901116
59111902574
05992026290
48883914830
14638652360
25644131106
38751541696
35945686018
38169015227
57598776156
19974358884
96233274559
51219607940
52805552156
12063342407
63573626114
11962445291
85488597921
52515554822
25321832927
76023337481
99382448586
18230839352
68198824162
34046759593
77989060450
48499887929
00618481664
18637393780
64833598612
39686736700
58878015814
45513836947
86901636709
76888343685
15466274488
08988302737
94559444480
52354162871
25481776294
06464607227
97371276680
43107509159
63783985501
81742238866
13660491101
69602454512
23104139920
42796000745
04223074830
38327511300
62688762451
87797189730
69811746931
53526229597
69346023902
70716740940
99253366435
98530782364
16461131108
45937756207
03764110821
81717261000
29124725552
61568718888
47290400313
75003336683
55580819455
59449119210
42181793956
32009758730
88668193104
75110841411
17146540448
82913517676
17752829889
70658211455
24966244684
11181173108
20593527380
33567882210
57622438502
37981988101
63544460599
63817779070
85756444912
72647527040
66429472230
99733580902
28363214906
32451719435
45245972980
63278781309
73146380048
09723184532
74826056818
18140544728
66157496533
40550321705
61283412411
31523933186
77084490736
77693428801
47703550841
12392674019
43572055229
05905345309
50379735113
04195115981
26263135131
60586055630
47106423629
40774570768
53720457605
47691025858
78663872496
83783772966
31301322792
84870349000
19554185944
52276666102
95724236141
04125065640
55761984849
84981854242
01322354987
07228825802
60099474301
93843933391
67282731586
75323024585
36541268045
44623012000
33308038943
23017983307
52567732322
49678151200
15300705039
01395479593
75266789999
94854529423
90848505212
69122084363
05966913943
97765312880
19717664102
36643776210
51775993612
57675938500
10841246106
98021117591
31567654908
76554331000
86544563960
06842021901
05738655230
17206492789
26485068376
96872915919
23795694795
28350425474
76413742470
00110896521
66240563986
67522558654
63726973605
26363998603
24530846660
90327780304
78175463554
25302480794
33702549560
96083069149
25860558708
75764692776
35608011686
22058709713
73674877953
31147320462
06473028536
93099444200
95898475605
51485191858
75064053851
70498350304
17131114200
83409708103
07466355161
17435820482
47959044724
89996685411
74815912297
29613516697
44250560007
38152785628
49201871570
00680427015
61209465604
27592733005
06989595159
59987184537
88073804395
26443303350
69060230981
67708057400
39192411851
39234367774
26430422399
63737580952
66264799890
35319005601
14327544914
13572212073
29519186077
03372161343
07656593446
79547056174
15783437395
37538690743
84827193436
41458841081
26825658409
16518863005
74709106894
79375927105
05807176316
77675462769
34425200888
17680470570
26384121980
78783401881
87867302158
77842326592
90888847653
35640025379
86994434630
93722475538
86800298310
99351057410
45399144301
06701113338
22083970292
47541026735
80818756896
72050168861
69242298832
16068382966
34764499398
10807909343
22558786156
60767495802
76932075113
71252162502
62132699755
47574429472
93205864891
55123927514
79446494800
82199062279
09434608597
91436897521
18679769789
51885665911
13873791196
06325702964
55350993500
56710819639
31869471202
34761756349
98816703300
66503262914
80280402333
68140790974
87930843580
93490649796
44174437505
58026549023
29390689090
87812453510
04322025447
49209502094
92437510427
22017077747
89265855576
06544332593
57486412594
15712872218
09062601162
84470404535
73708787080
54441321929
51512894460
64552804405
04961283614
31869200004
67909104090
32404703579
59895856326
59975194818
50686579216
45130140087
85839269050
17383587715
89311854565
14471668765
66322528696
15565900832
80528563610
51214897908
16807037651
42687204218
73570900860
29791015082
18589745856
32439059900
75104434150
47218374611
02577648952
71466090308
66994279545
95086506999
83870650303
97771031668
43948844895
06001964459
18675906200
39430199773
08806187449
31252411626
41308949359
25321558507
82718569875
64605994084
46426185973
11467836125
21875512705
28792296009
57822857614
31571225331
46646590168
06078333003
31149918586
91805745646
69960655261
89900585542
15157134231
19505976283
73794092716
39021208784
29483025605
07811758440
45797133113
24319773233
46100583917
48862648758
43942869640
98774363964
73102321607
05002804365
74409445855
25523020095
55656687430
61802314008
25026146511
98589355012
57270034150
52153714311
72466830469
41287114628
21675015287
05882403707
26763818904
60165959428
42005151050
38302160091
67487720799
39973515463
92320402470
74413610954
83445522731
83946646280
64268083421
64850675662
15262784054
18246528793
28419152633
47504345075
25293853945
93279635551
01687296600
36382814695
30218058845
14340491080
26618712416
80720708354
61280627093
79831896130
48904239079
68366865142
55206393967
08620164104
66812807141
42702908543
36687251015
37977022052
00410956007
59477861685
52444742354
54572559805
15894300509
64764107252
40640765165
19567102643
15708162473
39854117006
16370254754
71379239842
40175034621
32083004418
91590474538
60833972197
06121302666
57559668003
78705606268
95994432172
59754286531
22643954602
78636486530
85513701979
63260179399
31356427391
87772500106
03913366571
97511460623
77571818109
24820238744
11960246690
26889288726
23553172916
38073168090
49893208912
41140831461
07588399953
19174688065
53640838882
78306206444
07039492334
89513957071
42135626112
62979133159
20953774600
24113440239
27525732272
01585835234
24746313482
26531913347
99729623775
03679626673
84661179978
10680403434
75208726025
78460754545
16121023368
81804930245
81130708853
65887856408
46490448718
01616060913
68563584405
79613900144
78212641643
97316976160
96583251817
04434894838
63213499765
20842936505
49439260025
51811888003
49971144646
51632485028
57801750390
77422352264
63776287730
92582053082
31798217872
81670576744
62907535927
00059424974
23264834561
59615680400
67232593279
67422448288
28753738381
61825172633
99916773807
17850225988
35032761222
17419054940
75037199409
72746150506
38021217081
63935459769
15475698830
83723879900
41282796410
04925929771
15108743483
50836390415
08029263473
93167895160
35399767015
93699869016
66409201079
01247970400
11835602657
86453621550
02369823623
53200472588
47812497607
82487912898
56843096662
53010010001
68050569187
87792748200
17972616906
21705144900
73735711901
61840330341
49406711001
82569819549
10912048700
54114473645
12915300100
99602296453
27601219763
09667707733
48297193462
16234551467
09036266831
44474182820
38002014022
59557546018
64275633199
14603208758
69668230744
19082446154
27721095859
09433544390
95695303249
42837524794
60513632972
69289137541
23772483305
88457089854
97267565298
00400034263
17112494672
89455616769
29151647460
95695474728
53535813344
64819283030
61753876940
33158262428
69001919081
86779344133
59592575487
87141850678
28429264710
05176393786
05551063909
95890784196
79132356676
04748181605
64940063887
17993412161
43672208850
39632539320
84489181507
56648842580
05234088626
89245641295
40974518042
62634353561
77795205445
65944252936
42554450609
46303105416
23389966315
96247506961
14036314840
76277852272
16424919937
94014737900
43530464708
33617086560
55624220502
56248266301
51322182531
36711064259
70967171024
32618313755
30131683586
01837879605
01739854080
70449209008
52188305426
75304891864
25165697770
04067043171
36371818600
06754713380
63614422410
48522237263
84051164004
25300374008
43454352347
26779423807
26055069830
02981717405
04189101206
04822624862
00973020156
33944148134
57956026040
02548363058
33671964790
30461490340
92156884471
82900514177
19697809160
20968243541
14975755599
37943251334
83579907549
83274668958
86742215054
52134696982
23057238734
11437541747
98379776712
71693967340
64230891911
79845287808
80975845730
94407795433
84238239890
49324630571
91410380297
48672654030
21256629650
89679500632
97414689468
03287520296
52174835630
45743805350
03038750034
28333894500
67740282685
90768521114
72296901450
50878386939
40764083147
58464646615
27358838505
98433570196
43066004082
03347674235
62388715636
41480723681
47317163147
05686641838
88514560468
78995616121
60697576701
20084602821
06517833994
97446017953
80328598968
87018771439
51769295380
36600706538
90081844948
96848384763
31001155203
49135490730
33410074236
94445407909
63866261179
06415649701
39953035369
30845918656
82902710933
47002412418
39759596148
14634368072
15415005552
20784714290
92018783700
67059452818
95467384414
79349908476
47373679900
16200495203
26332625546
19000083001
38909798319
09854073874
94843299260
41898932182
00061150630
12355483760
15737020487
26266677067
84198144230
91035974908
68507822312
17545370651
95307606800
80400954095
19802711942
14663886094
75818135764
38174184775
32425112472
51463360592
79449018472
22087992240
41124113320
81045898490
99602609923
44285774941
83323371941
71791516882
70073170224
67305270130
50853101019
98753623525
01603104747
57592741806
78962005891
43533625931
53524368379
16990918977
14967400680
69324017462
02906507474
32509795384
52314563573
54398119663
30849529140
36773996538
74014515494
58278055130
62815322870
83060026521
41920761012
09691077493
05228247220
14236007894
35858656315
54717571061
56576310137
07860939789
65461250564
06724953413
30679018867
41111445605
01397659998
38507961320
69154295572
75578566510
08289503180
67878195609
32798370574
40688719066
28645185385
93944305981
24881230999
01054005990
67700554307
79267461001
69708499021
39468749169
70275177874
30264018621
20455922608
78459153789
21377940209
37198280854
85368545029
81420228773
29525875660
38433461516
22546336517
38921255460
79994872605
60952698579
14223799223
73715433868
52173102273
61217405070
23078032701
29641701770
73211344403
35371173021
00339055685
70952851105
36459325260
27903251465
28416508208
14843313033
80896105440
59609398197
53989464809
31656607867
69926566278
75577270103
80116795700
94899605943
98221265225
12853810844
13746681090
22916983112
04087466299
65558543671
19170327904
69864342274
46427431030
03249238139
35506590245
29678795175
32303342562
29195112383
76087857567
53099055107
61343925614
82661963626
46259940041
45025807328
37223525762
31120095921
87311869714
81361041820
89091103680
06335502801
52697155970
64763860348
20276284798
13636167227
52123637807
61870325605
81630895636
47566652923
82048788262
70272174734
41869623320
89955337737
95323462280
53086847824
12746179873
77405898963
30410506095
51484826647
00100599117
52621598935
33237776629
46152881587
85892107230
73116072132
67133742802
78165040553
68059646605
98877882875
54800443466
01041615310
35582642072
53075162825
91521259712
99904744602
20488946158
33860828584
68036986612
56831221122
49517126522
01940868602
19219665565
48169098424
45881980840
31411651499
96588254008
52083249119
79014917015
40475228642
60629442290
77504780600
11362407640
61759046132
55091510214
54678611827
97270833826
66860223650
86316691130
15614418210
47726134631
96213520104
45943628428
86631626420
05837730443
28038767608
99808522327
63770485130
64857332132
17400297392
51297042158
34941166280
71636742521
03535392101
76130888554
19824836527
77961996869
82577768907
69854896137
11620014025
24698134765
73613360438
81982814284
15267130559
40542627914
39155738761
64536487255
58417502165
32227852526
78871768833
55942410003
54282990538
79564001714
75055981806
66880138519
99929192646
76639405717
68725855794
86908809099
40143520806
85176139960
39931550414
59303235932
34397520208
52780935286
36125097218
76989800143
62812751959
43203048612
51478203960
31729266800
75109420122
17088956390
52881671683
94644566390
35338925222
94379998487
14730248112
77041233430
38243365702
02093003104
25398367552
49605641569
63846960020
64358378307
69763144582
84864916730
36001756376
82620053684
16094479050
90215618599
88509548242
36870823774
35875336366
